species_portuguese,species_english,species_sci,year,month,price_rs,production_kg,value_rs,origin
Abrótea,Brazilian codling,Urophycis brasiliensis,2016,1,5.05,41035,207227,extraction
Abrótea,Brazilian codling,Urophycis brasiliensis,2016,2,4.71,49100,231261,extraction
Abrótea,Brazilian codling,Urophycis brasiliensis,2016,3,4.93,57540,283672,extraction
Abrótea,Brazilian codling,Urophycis brasiliensis,2016,4,4.37,90538,395651,extraction
Abrótea,Brazilian codling,Urophycis brasiliensis,2016,5,4.33,33248,143964,extraction
Abrótea,Brazilian codling,Urophycis brasiliensis,2016,6,4.33,49220,213123,extraction
Abrótea,Brazilian codling,Urophycis brasiliensis,2016,7,2.96,71381,211288,extraction
Abrótea,Brazilian codling,Urophycis brasiliensis,2016,8,3.41,64014,218288,extraction
Abrótea,Brazilian codling,Urophycis brasiliensis,2016,9,3.93,42846,168385,extraction
Abrótea,Brazilian codling,Urophycis brasiliensis,2016,10,5.05,24738,124927,extraction
Abrótea,Brazilian codling,Urophycis brasiliensis,2016,11,4.72,48850,230572,extraction
Abrótea,Brazilian codling,Urophycis brasiliensis,2016,12,4.12,32790,135095,extraction
Abrótea,Brazilian codling,Urophycis brasiliensis,2017,1,5.03,61528,309486,extraction
Abrótea,Brazilian codling,Urophycis brasiliensis,2017,2,4.33,48580,210351,extraction
Abrótea,Brazilian codling,Urophycis brasiliensis,2017,3,4.3,90370,388591,extraction
Abrótea,Brazilian codling,Urophycis brasiliensis,2017,4,5.56,63181,351286,extraction
Abrótea,Brazilian codling,Urophycis brasiliensis,2017,5,4.73,54710,258778,extraction
Abrótea,Brazilian codling,Urophycis brasiliensis,2017,6,5.11,55161,281873,extraction
Abrótea,Brazilian codling,Urophycis brasiliensis,2017,7,3.98,95547,380277,extraction
Abrótea,Brazilian codling,Urophycis brasiliensis,2017,8,3.74,886666,3316131,extraction
Abrótea,Brazilian codling,Urophycis brasiliensis,2017,9,4.01,62050,248821,extraction
Abrótea,Brazilian codling,Urophycis brasiliensis,2017,10,4.23,58460,247286,extraction
Abrótea,Brazilian codling,Urophycis brasiliensis,2017,11,4.65,46019,213988,extraction
Abrótea,Brazilian codling,Urophycis brasiliensis,2017,12,4.3,43213,185816,extraction
Anchovas,Anchovas,NA,2016,1,8.67,39560,342985,extraction
Anchovas,Anchovas,NA,2016,2,9.49,38960,369730,extraction
Anchovas,Anchovas,NA,2016,3,11.13,66096,735648,extraction
Anchovas,Anchovas,NA,2016,4,11.4,54032,615965,extraction
Anchovas,Anchovas,NA,2016,5,10.24,39583,405330,extraction
Anchovas,Anchovas,NA,2016,6,5.87,83872,492329,extraction
Anchovas,Anchovas,NA,2016,7,4.59,85804,393840,extraction
Anchovas,Anchovas,NA,2016,8,6.26,53969,337846,extraction
Anchovas,Anchovas,NA,2016,9,5.67,47726,270606,extraction
Anchovas,Anchovas,NA,2016,10,8.22,22159,182147,extraction
Anchovas,Anchovas,NA,2016,11,6.34,65183,413260,extraction
Anchovas,Anchovas,NA,2016,12,6.59,21258,140090,extraction
Anchovas,Anchovas,NA,2017,1,8.98,29558,265431,extraction
Anchovas,Anchovas,NA,2017,2,10.33,13195,136304,extraction
Anchovas,Anchovas,NA,2017,3,12.04,12413,149453,extraction
Anchovas,Anchovas,NA,2017,4,12.36,58865,727571,extraction
Anchovas,Anchovas,NA,2017,5,8.95,66875,598531,extraction
Anchovas,Anchovas,NA,2017,6,7.28,34424,250607,extraction
Anchovas,Anchovas,NA,2017,7,5.78,64662,373746,extraction
Anchovas,Anchovas,NA,2017,8,8.47,84248,713581,extraction
Anchovas,Anchovas,NA,2017,9,9.17,33262,305013,extraction
Anchovas,Anchovas,NA,2017,10,9.26,45233,418858,extraction
Anchovas,Anchovas,NA,2017,11,7.46,34760,259310,extraction
Anchovas,Anchovas,NA,2017,12,6.82,37980,259024,extraction
Atum,Tuna,tunnus spp,2016,1,13.52,67944,918603,extraction
Atum,Tuna,tunnus spp,2016,2,14.3,87864,1256455,extraction
Atum,Tuna,tunnus spp,2016,3,24,121633,2919192,extraction
Atum,Tuna,tunnus spp,2016,4,15.85,90710,1437754,extraction
Atum,Tuna,tunnus spp,2016,5,15.85,69727,1105173,extraction
Atum,Tuna,tunnus spp,2016,6,14.6,86582,1264097,extraction
Atum,Tuna,tunnus spp,2016,7,17.07,112388,1918463,extraction
Atum,Tuna,tunnus spp,2016,8,12.48,91922,1147187,extraction
Atum,Tuna,tunnus spp,2016,9,13.19,110060,1451691,extraction
Atum,Tuna,tunnus spp,2016,10,9.87,93712,924937,extraction
Atum,Tuna,tunnus spp,2016,11,12.09,110632,1337541,extraction
Atum,Tuna,tunnus spp,2016,12,15.5,120350,1865425,extraction
Atum,Tuna,tunnus spp,2017,1,13.26,69603,922936,extraction
Atum,Tuna,tunnus spp,2017,2,14.92,90195,1345709,extraction
Atum,Tuna,tunnus spp,2017,3,11.55,122077,1409989,extraction
Atum,Tuna,tunnus spp,2017,4,16.39,64819,1062383,extraction
Atum,Tuna,tunnus spp,2017,5,16.14,84718,1367349,extraction
Atum,Tuna,tunnus spp,2017,6,14.3,93601,1338494,extraction
Atum,Tuna,tunnus spp,2017,7,15.89,78845,1252847,extraction
Atum,Tuna,tunnus spp,2017,8,14.02,95963,1345401,extraction
Atum,Tuna,tunnus spp,2017,9,15.82,76805,1215055,extraction
Atum,Tuna,tunnus spp,2017,10,12.84,87770,1126967,extraction
Atum,Tuna,tunnus spp,2017,11,12.04,91094,1096772,extraction
Atum,Tuna,tunnus spp,2017,12,13.39,96292,1289350,extraction
Badejo,Whiting,Mycteroperca spp.,2016,1,23,124,2852,extraction
Badejo,Whiting,Mycteroperca spp.,2016,2,23,1028,23644,extraction
Badejo,Whiting,Mycteroperca spp.,2016,3,23,611,14053,extraction
Badejo,Whiting,Mycteroperca spp.,2016,4,23,1030,23690,extraction
Badejo,Whiting,Mycteroperca spp.,2016,5,23,1757,40411,extraction
Badejo,Whiting,Mycteroperca spp.,2016,6,23.07,768,17718,extraction
Badejo,Whiting,Mycteroperca spp.,2016,7,20.17,651,13131,extraction
Badejo,Whiting,Mycteroperca spp.,2016,8,20.17,622,12546,extraction
Badejo,Whiting,Mycteroperca spp.,2016,9,20.17,107,2158,extraction
Badejo,Whiting,Mycteroperca spp.,2016,10,20.17,50,1009,extraction
Badejo,Whiting,Mycteroperca spp.,2016,11,20.17,100,2017,extraction
Badejo,Whiting,Mycteroperca spp.,2016,12,25.75,1127,29020,extraction
Badejo,Whiting,Mycteroperca spp.,2017,1,23,243,5589,extraction
Badejo,Whiting,Mycteroperca spp.,2017,2,23,712,16376,extraction
Badejo,Whiting,Mycteroperca spp.,2017,3,23,402,9246,extraction
Badejo,Whiting,Mycteroperca spp.,2017,4,23,78,1794,extraction
Badejo,Whiting,Mycteroperca spp.,2017,5,23,338,7774,extraction
Badejo,Whiting,Mycteroperca spp.,2017,6,23.07,460,10612,extraction
Badejo,Whiting,Mycteroperca spp.,2017,7,20.17,867,17487,extraction
Badejo,Whiting,Mycteroperca spp.,2017,8,20.17,237,4780,extraction
Badejo,Whiting,Mycteroperca spp.,2017,9,20.17,480,9682,extraction
Badejo,Whiting,Mycteroperca spp.,2017,10,20.17,562,11336,extraction
Badejo,Whiting,Mycteroperca spp.,2017,12,17.67,100,1767,extraction
Betara,Carolina Whiting,Menticirrhus spp.,2016,1,2.02,18690,37754,extraction
Betara,Carolina Whiting,Menticirrhus spp.,2016,2,2.32,18715,43419,extraction
Betara,Carolina Whiting,Menticirrhus spp.,2016,3,3.21,8220,26386,extraction
Betara,Carolina Whiting,Menticirrhus spp.,2016,4,2.42,8440,20425,extraction
Betara,Carolina Whiting,Menticirrhus spp.,2016,5,2.33,5440,12675,extraction
Betara,Carolina Whiting,Menticirrhus spp.,2016,6,2.32,10860,25195,extraction
Betara,Carolina Whiting,Menticirrhus spp.,2016,7,2.13,18770,39980,extraction
Betara,Carolina Whiting,Menticirrhus spp.,2016,8,2.27,19418,44079,extraction
Betara,Carolina Whiting,Menticirrhus spp.,2016,9,2.53,18891,47794,extraction
Betara,Carolina Whiting,Menticirrhus spp.,2016,10,2.78,18850,52403,extraction
Betara,Carolina Whiting,Menticirrhus spp.,2016,11,2.8,27190,76132,extraction
Betara,Carolina Whiting,Menticirrhus spp.,2016,12,2.34,16530,38680,extraction
Betara,Carolina Whiting,Menticirrhus spp.,2017,1,2.39,9835,23506,extraction
Betara,Carolina Whiting,Menticirrhus spp.,2017,2,2.63,8300,21829,extraction
Betara,Carolina Whiting,Menticirrhus spp.,2017,3,2.89,11560,33408,extraction
Betara,Carolina Whiting,Menticirrhus spp.,2017,4,3.66,2160,7906,extraction
Betara,Carolina Whiting,Menticirrhus spp.,2017,5,2.74,3470,9508,extraction
Betara,Carolina Whiting,Menticirrhus spp.,2017,6,2.76,16791,46343,extraction
Betara,Carolina Whiting,Menticirrhus spp.,2017,7,2.84,3990,11332,extraction
Betara,Carolina Whiting,Menticirrhus spp.,2017,8,2.67,6340,16928,extraction
Betara,Carolina Whiting,Menticirrhus spp.,2017,9,2.92,12763,37268,extraction
Betara,Carolina Whiting,Menticirrhus spp.,2017,10,2.69,13880,37337,extraction
Betara,Carolina Whiting,Menticirrhus spp.,2017,11,2.76,13855,38240,extraction
Betara,Carolina Whiting,Menticirrhus spp.,2017,12,2.22,13520,30014,extraction
Bonito,skipjack tuna,Auxis rochei,2016,1,3.26,20376,66426,extraction
Bonito,skipjack tuna,Auxis rochei,2016,2,3.11,27096,84269,extraction
Bonito,skipjack tuna,Auxis rochei,2016,3,3.38,27560,93153,extraction
Bonito,skipjack tuna,Auxis rochei,2016,4,2.64,46010,121466,extraction
Bonito,skipjack tuna,Auxis rochei,2016,5,2.49,50314,125282,extraction
Bonito,skipjack tuna,Auxis rochei,2016,6,2.84,16482,46809,extraction
Bonito,skipjack tuna,Auxis rochei,2016,7,3.04,23420,71197,extraction
Bonito,skipjack tuna,Auxis rochei,2016,8,2.96,18208,53896,extraction
Bonito,skipjack tuna,Auxis rochei,2016,9,3.13,27507,86097,extraction
Bonito,skipjack tuna,Auxis rochei,2016,10,3.19,19602,62530,extraction
Bonito,skipjack tuna,Auxis rochei,2016,11,3.15,26293,82823,extraction
Bonito,skipjack tuna,Auxis rochei,2016,12,2.79,24926,69544,extraction
Bonito,skipjack tuna,Auxis rochei,2017,1,3.01,18280,55023,extraction
Bonito,skipjack tuna,Auxis rochei,2017,2,2.37,23630,56003,extraction
Bonito,skipjack tuna,Auxis rochei,2017,3,2.89,36985,106887,extraction
Bonito,skipjack tuna,Auxis rochei,2017,4,3.43,21262,72929,extraction
Bonito,skipjack tuna,Auxis rochei,2017,5,2.82,28732,81024,extraction
Bonito,skipjack tuna,Auxis rochei,2017,6,3.23,22862,73844,extraction
Bonito,skipjack tuna,Auxis rochei,2017,7,3.14,17334,54429,extraction
Bonito,skipjack tuna,Auxis rochei,2017,8,3.21,21495,68999,extraction
Bonito,skipjack tuna,Auxis rochei,2017,9,3.56,15666,55771,extraction
Bonito,skipjack tuna,Auxis rochei,2017,10,2.68,68174,182706,extraction
Bonito,skipjack tuna,Auxis rochei,2017,11,2.69,45298,121852,extraction
Bonito,skipjack tuna,Auxis rochei,2017,12,2.79,40695,113539,extraction
Cação,Shark,NA,2016,1,8.92,135056,1204700,extraction
Cação,Shark,NA,2016,2,8.75,148863,1302551,extraction
Cação,Shark,NA,2016,3,9.36,244548,2288969,extraction
Cação,Shark,NA,2016,4,9.03,218868,1976378,extraction
Cação,Shark,NA,2016,5,8.84,212776,1880940,extraction
Cação,Shark,NA,2016,6,7.84,142469,1116957,extraction
Cação,Shark,NA,2016,7,7.69,167369,1287068,extraction
Cação,Shark,NA,2016,8,7.67,177604,1362223,extraction
Cação,Shark,NA,2016,9,7.88,202298,1594108,extraction
Cação,Shark,NA,2016,10,6.82,197932,1349896,extraction
Cação,Shark,NA,2016,11,7.78,177755,1382934,extraction
Cação,Shark,NA,2016,12,7.84,206280,1617235,extraction
Cação,Shark,NA,2017,1,8.39,115178,966343,extraction
Cação,Shark,NA,2017,2,7.95,189065,1503067,extraction
Cação,Shark,NA,2017,3,8.43,220752,1860939,extraction
Cação,Shark,NA,2017,4,8.61,279058,2402689,extraction
Cação,Shark,NA,2017,5,8.27,203970,1686832,extraction
Cação,Shark,NA,2017,6,7.5,198336,1487520,extraction
Cação,Shark,NA,2017,7,7.59,203472,1544352,extraction
Cação,Shark,NA,2017,8,8.46,143846,1216937,extraction
Cação,Shark,NA,2017,9,8.68,247938,2152102,extraction
Cação,Shark,NA,2017,10,8.5,183830,1562555,extraction
Cação,Shark,NA,2017,11,8.47,203652,1724932,extraction
Cação,Shark,NA,2017,12,8.18,161615,1322011,extraction
Camarao_cativeiro,Shrimp,NA,2016,1,19.3,119284,2302181,aquaculture
Camarao_cativeiro,Shrimp,NA,2016,2,21.77,145220,3161439,aquaculture
Camarao_cativeiro,Shrimp,NA,2016,3,22.74,179278,4076782,aquaculture
Camarao_cativeiro,Shrimp,NA,2016,4,21.44,203478,4362568,aquaculture
Camarao_cativeiro,Shrimp,NA,2016,5,20.57,200208,4118279,aquaculture
Camarao_cativeiro,Shrimp,NA,2016,6,19.91,162729,3239934,aquaculture
Camarao_cativeiro,Shrimp,NA,2016,7,19.92,154833,3084273,aquaculture
Camarao_cativeiro,Shrimp,NA,2016,8,22.36,143909,3217805,aquaculture
Camarao_cativeiro,Shrimp,NA,2016,9,25.99,91148,2368937,aquaculture
Camarao_cativeiro,Shrimp,NA,2016,10,28.94,111214,3218533,aquaculture
Camarao_cativeiro,Shrimp,NA,2016,11,29.34,125104,3670551,aquaculture
Camarao_cativeiro,Shrimp,NA,2016,12,32.28,129710,4187039,aquaculture
Camarao_cativeiro,Shrimp,NA,2017,1,32.44,82555,2678084,aquaculture
Camarao_cativeiro,Shrimp,NA,2017,2,34.81,100743,3506864,aquaculture
Camarao_cativeiro,Shrimp,NA,2017,3,36.45,95126,3467343,aquaculture
Camarao_cativeiro,Shrimp,NA,2017,4,36.97,116925,4322717,aquaculture
Camarao_cativeiro,Shrimp,NA,2017,5,30.87,135690,4188750,aquaculture
Camarao_cativeiro,Shrimp,NA,2017,6,25.31,122836,3108979,aquaculture
Camarao_cativeiro,Shrimp,NA,2017,7,25.48,104896,2672750,aquaculture
Camarao_cativeiro,Shrimp,NA,2017,8,29.24,109158,3191780,aquaculture
Camarao_cativeiro,Shrimp,NA,2017,9,32.55,95498,3108460,aquaculture
Camarao_cativeiro,Shrimp,NA,2017,10,32.39,95205,3083690,aquaculture
Camarao_cativeiro,Shrimp,NA,2017,11,31.41,106875,3356944,aquaculture
Camarao_cativeiro,Shrimp,NA,2017,12,29.19,112672,3288896,aquaculture
Camarao_rosa,Shrimp,NA,2016,1,52.93,1334,70609,extraction
Camarao_rosa,Shrimp,NA,2016,2,53.41,967,51647,extraction
Camarao_rosa,Shrimp,NA,2016,3,34.24,405,13867,extraction
Camarao_rosa,Shrimp,NA,2016,5,34.24,40,1370,extraction
Camarao_rosa,Shrimp,NA,2016,6,34.24,6213,212733,extraction
Camarao_rosa,Shrimp,NA,2016,7,37.1,4833,179304,extraction
Camarao_rosa,Shrimp,NA,2016,8,46.65,2969,138504,extraction
Camarao_rosa,Shrimp,NA,2016,9,45.42,3722,169053,extraction
Camarao_rosa,Shrimp,NA,2016,10,48.04,2846,136722,extraction
Camarao_rosa,Shrimp,NA,2016,11,46.52,1368,63639,extraction
Camarao_rosa,Shrimp,NA,2016,12,54.15,2528,136891,extraction
Camarao_rosa,Shrimp,NA,2017,1,56.79,829,47079,extraction
Camarao_rosa,Shrimp,NA,2017,2,52.21,748,39053,extraction
Camarao_rosa,Shrimp,NA,2017,3,52.21,444,23181,extraction
Camarao_rosa,Shrimp,NA,2017,6,45.01,2236,100642,extraction
Camarao_rosa,Shrimp,NA,2017,7,42.28,3351,141680,extraction
Camarao_rosa,Shrimp,NA,2017,8,44.4,8618,382639,extraction
Camarao_rosa,Shrimp,NA,2017,9,47.14,5199,245081,extraction
Camarao_rosa,Shrimp,NA,2017,10,48.8,5478,267326,extraction
Camarao_rosa,Shrimp,NA,2017,11,52.35,4490,235052,extraction
Camarao_rosa,Shrimp,NA,2017,12,50.83,9477,481716,extraction
Camarao_seteB,Shrimp,NA,2016,1,9,3235,29115,extraction
Camarao_seteB,Shrimp,NA,2016,2,7.5,2107,15803,extraction
Camarao_seteB,Shrimp,NA,2016,3,7.5,3265,24488,extraction
Camarao_seteB,Shrimp,NA,2016,4,7.5,2574,19305,extraction
Camarao_seteB,Shrimp,NA,2016,5,7.5,2101,15758,extraction
Camarao_seteB,Shrimp,NA,2016,6,6.29,9420,59252,extraction
Camarao_seteB,Shrimp,NA,2016,7,8.61,2978,25641,extraction
Camarao_seteB,Shrimp,NA,2016,8,8.55,4559,38979,extraction
Camarao_seteB,Shrimp,NA,2016,9,10.41,4270,44451,extraction
Camarao_seteB,Shrimp,NA,2016,10,11.28,2483,28008,extraction
Camarao_seteB,Shrimp,NA,2016,11,15.33,2937,45024,extraction
Camarao_seteB,Shrimp,NA,2016,12,11.81,5242,61908,extraction
Camarao_seteB,Shrimp,NA,2017,1,11,2129,23419,extraction
Camarao_seteB,Shrimp,NA,2017,2,11.39,3470,39523,extraction
Camarao_seteB,Shrimp,NA,2017,3,6.54,2676,17501,extraction
Camarao_seteB,Shrimp,NA,2017,4,6.54,2812,18390,extraction
Camarao_seteB,Shrimp,NA,2017,5,6.54,3094,20235,extraction
Camarao_seteB,Shrimp,NA,2017,6,6.54,9616,62889,extraction
Camarao_seteB,Shrimp,NA,2017,7,8.24,4155,34237,extraction
Camarao_seteB,Shrimp,NA,2017,8,8.94,4646,41535,extraction
Camarao_seteB,Shrimp,NA,2017,9,8.39,6939,58218,extraction
Camarao_seteB,Shrimp,NA,2017,10,9.96,6483,64571,extraction
Camarao_seteB,Shrimp,NA,2017,11,9.74,4970,48408,extraction
Camarao_seteB,Shrimp,NA,2017,12,9.55,6175,58971,extraction
Carapau,Jack mackerel,Trachurus lathami,2016,1,7,4990,34930,extraction
Carapau,Jack mackerel,Trachurus lathami,2016,2,7,5815,40705,extraction
Carapau,Jack mackerel,Trachurus lathami,2016,3,7,13756,96292,extraction
Carapau,Jack mackerel,Trachurus lathami,2016,4,7,23017,161119,extraction
Carapau,Jack mackerel,Trachurus lathami,2016,5,7,17329,121303,extraction
Carapau,Jack mackerel,Trachurus lathami,2016,6,7,20620,144340,extraction
Carapau,Jack mackerel,Trachurus lathami,2016,7,7,23319,163233,extraction
Carapau,Jack mackerel,Trachurus lathami,2016,8,7,13390,93730,extraction
Carapau,Jack mackerel,Trachurus lathami,2016,9,7,29283,204981,extraction
Carapau,Jack mackerel,Trachurus lathami,2016,10,7,25420,177940,extraction
Carapau,Jack mackerel,Trachurus lathami,2016,11,7,16118,112826,extraction
Carapau,Jack mackerel,Trachurus lathami,2016,12,3.98,10312,41042,extraction
Carapau,Jack mackerel,Trachurus lathami,2017,1,4.25,31324,133127,extraction
Carapau,Jack mackerel,Trachurus lathami,2017,2,4.25,25515,108439,extraction
Carapau,Jack mackerel,Trachurus lathami,2017,3,4.25,20703,87988,extraction
Carapau,Jack mackerel,Trachurus lathami,2017,4,4.25,47209,200638,extraction
Carapau,Jack mackerel,Trachurus lathami,2017,5,4.25,14645,62241,extraction
Carapau,Jack mackerel,Trachurus lathami,2017,6,4.25,29496,125358,extraction
Carapau,Jack mackerel,Trachurus lathami,2017,7,4.5,28666,128997,extraction
Carapau,Jack mackerel,Trachurus lathami,2017,8,4.5,17300,77850,extraction
Carapau,Jack mackerel,Trachurus lathami,2017,9,4.5,10820,48690,extraction
Carapau,Jack mackerel,Trachurus lathami,2017,10,4.5,18090,81405,extraction
Carapau,Jack mackerel,Trachurus lathami,2017,11,4.5,10407,46832,extraction
Carapau,Jack mackerel,Trachurus lathami,2017,12,4.5,4620,20790,extraction
Cascote,Bashaw,Micropogonias furnieri,2016,1,2.16,3200,6912,extraction
Cascote,Bashaw,Micropogonias furnieri,2016,2,2.26,57870,130786,extraction
Cascote,Bashaw,Micropogonias furnieri,2016,3,2.35,121079,284536,extraction
Cascote,Bashaw,Micropogonias furnieri,2016,4,1.73,28301,48961,extraction
Cascote,Bashaw,Micropogonias furnieri,2016,5,1.68,28213,47398,extraction
Cascote,Bashaw,Micropogonias furnieri,2016,6,1.98,51440,101851,extraction
Cascote,Bashaw,Micropogonias furnieri,2016,7,1.55,56000,86800,extraction
Cascote,Bashaw,Micropogonias furnieri,2016,8,1.63,45330,73888,extraction
Cascote,Bashaw,Micropogonias furnieri,2016,9,1.61,45707,73588,extraction
Cascote,Bashaw,Micropogonias furnieri,2016,10,1.85,50508,93440,extraction
Cascote,Bashaw,Micropogonias furnieri,2016,11,1.79,48792,87338,extraction
Cascote,Bashaw,Micropogonias furnieri,2016,12,1.64,15320,25125,extraction
Cascote,Bashaw,Micropogonias furnieri,2017,1,2.19,21500,47085,extraction
Cascote,Bashaw,Micropogonias furnieri,2017,2,1.87,5260,9836,extraction
Cascote,Bashaw,Micropogonias furnieri,2017,3,2.28,50790,115801,extraction
Cascote,Bashaw,Micropogonias furnieri,2017,4,2.58,30100,77658,extraction
Cascote,Bashaw,Micropogonias furnieri,2017,5,1.65,59038,97413,extraction
Cascote,Bashaw,Micropogonias furnieri,2017,6,2.03,40224,81655,extraction
Cascote,Bashaw,Micropogonias furnieri,2017,7,2.06,29713,61209,extraction
Cascote,Bashaw,Micropogonias furnieri,2017,8,1.86,48060,89392,extraction
Cascote,Bashaw,Micropogonias furnieri,2017,9,1.97,102292,201515,extraction
Cascote,Bashaw,Micropogonias furnieri,2017,10,1.7,44180,75106,extraction
Cascote,Bashaw,Micropogonias furnieri,2017,11,2.06,29140,60028,extraction
Cascote,Bashaw,Micropogonias furnieri,2017,12,1.85,7100,13135,extraction
Cascudo,Atlantic searobin,Prionotus punctatus,2016,3,2.27,2630,5970,extraction
Cascudo,Atlantic searobin,Prionotus punctatus,2016,4,2.27,3106,7051,extraction
Cascudo,Atlantic searobin,Prionotus punctatus,2016,5,2.27,3272,7427,extraction
Cascudo,Atlantic searobin,Prionotus punctatus,2016,6,2.27,2020,4585,extraction
Cascudo,Atlantic searobin,Prionotus punctatus,2016,7,2.27,2490,5652,extraction
Cascudo,Atlantic searobin,Prionotus punctatus,2016,8,2.27,2086,4735,extraction
Cascudo,Atlantic searobin,Prionotus punctatus,2016,9,2.27,3120,7082,extraction
Cascudo,Atlantic searobin,Prionotus punctatus,2016,10,2.27,2464,5593,extraction
Cascudo,Atlantic searobin,Prionotus punctatus,2016,11,2.27,1070,2429,extraction
Cascudo,Atlantic searobin,Prionotus punctatus,2017,3,2.27,4170,9466,extraction
Cascudo,Atlantic searobin,Prionotus punctatus,2017,4,2.27,1515,3439,extraction
Cascudo,Atlantic searobin,Prionotus punctatus,2017,5,2.27,1250,2838,extraction
Cascudo,Atlantic searobin,Prionotus punctatus,2017,6,2.5,1295,3238,extraction
Cascudo,Atlantic searobin,Prionotus punctatus,2017,7,2.75,870,2393,extraction
Cascudo,Atlantic searobin,Prionotus punctatus,2017,8,2.75,610,1678,extraction
Cascudo,Atlantic searobin,Prionotus punctatus,2017,9,2.75,2630,7233,extraction
Cascudo,Atlantic searobin,Prionotus punctatus,2017,10,2.75,1054,2899,extraction
Cascudo,Atlantic searobin,Prionotus punctatus,2017,11,2.75,0,0,extraction
Cavalinha,American mackerel,Scomber japonicus,2016,1,5.65,35275,199304,extraction
Cavalinha,American mackerel,Scomber japonicus,2016,2,5.3,100360,531908,extraction
Cavalinha,American mackerel,Scomber japonicus,2016,3,4.41,154140,679757,extraction
Cavalinha,American mackerel,Scomber japonicus,2016,4,2.6,171820,446732,extraction
Cavalinha,American mackerel,Scomber japonicus,2016,5,2.79,99960,278888,extraction
Cavalinha,American mackerel,Scomber japonicus,2016,6,4.25,7230,30728,extraction
Cavalinha,American mackerel,Scomber japonicus,2016,7,4.78,32760,156593,extraction
Cavalinha,American mackerel,Scomber japonicus,2016,8,4.18,29819,124643,extraction
Cavalinha,American mackerel,Scomber japonicus,2016,9,4.3,46320,199176,extraction
Cavalinha,American mackerel,Scomber japonicus,2016,10,5.13,64935,333117,extraction
Cavalinha,American mackerel,Scomber japonicus,2016,11,6,96414,578484,extraction
Cavalinha,American mackerel,Scomber japonicus,2016,12,5.66,4550,25753,extraction
Cavalinha,American mackerel,Scomber japonicus,2017,1,6.5,59023,383650,extraction
Cavalinha,American mackerel,Scomber japonicus,2017,2,6,86908,521448,extraction
Cavalinha,American mackerel,Scomber japonicus,2017,3,4.69,94140,441517,extraction
Cavalinha,American mackerel,Scomber japonicus,2017,4,4.9,83386,408591,extraction
Cavalinha,American mackerel,Scomber japonicus,2017,5,4.35,111360,484416,extraction
Cavalinha,American mackerel,Scomber japonicus,2017,6,4.98,88936,442901,extraction
Cavalinha,American mackerel,Scomber japonicus,2017,7,5.19,71060,368801,extraction
Cavalinha,American mackerel,Scomber japonicus,2017,8,4.66,165629,771831,extraction
Cavalinha,American mackerel,Scomber japonicus,2017,9,5.11,22193,113406,extraction
Cavalinha,American mackerel,Scomber japonicus,2017,10,5.5,12080,66440,extraction
Cavalinha,American mackerel,Scomber japonicus,2017,11,5.5,33495,184223,extraction
Cavalinha,American mackerel,Scomber japonicus,2017,12,4.85,77860,377621,extraction
Conglio Rosa,Conglio Rosa,NA,2016,1,14,3290,46060,extraction
Conglio Rosa,Conglio Rosa,NA,2016,2,14,2640,36960,extraction
Conglio Rosa,Conglio Rosa,NA,2016,3,14,6092,85288,extraction
Conglio Rosa,Conglio Rosa,NA,2016,4,14,11347,158858,extraction
Conglio Rosa,Conglio Rosa,NA,2016,5,14,8799,123186,extraction
Conglio Rosa,Conglio Rosa,NA,2016,6,14.92,5950,88774,extraction
Conglio Rosa,Conglio Rosa,NA,2016,7,11,10416,114576,extraction
Conglio Rosa,Conglio Rosa,NA,2016,8,12.44,4298,53467,extraction
Conglio Rosa,Conglio Rosa,NA,2016,9,12.44,4722,58742,extraction
Conglio Rosa,Conglio Rosa,NA,2016,10,12.44,5021,62461,extraction
Conglio Rosa,Conglio Rosa,NA,2016,11,12.44,2640,32842,extraction
Conglio Rosa,Conglio Rosa,NA,2016,12,12.44,1880,23387,extraction
Conglio Rosa,Conglio Rosa,NA,2017,1,12.44,1220,15177,extraction
Conglio Rosa,Conglio Rosa,NA,2017,2,12.44,1460,18162,extraction
Conglio Rosa,Conglio Rosa,NA,2017,3,12.44,4520,56229,extraction
Conglio Rosa,Conglio Rosa,NA,2017,4,12.44,4000,49760,extraction
Conglio Rosa,Conglio Rosa,NA,2017,5,12.44,6390,79492,extraction
Conglio Rosa,Conglio Rosa,NA,2017,6,13.75,4420,60775,extraction
Conglio Rosa,Conglio Rosa,NA,2017,7,15.86,1820,28865,extraction
Conglio Rosa,Conglio Rosa,NA,2017,8,13.17,3747,49348,extraction
Conglio Rosa,Conglio Rosa,NA,2017,9,13.17,2751,36231,extraction
Conglio Rosa,Conglio Rosa,NA,2017,10,13.17,4560,60055,extraction
Conglio Rosa,Conglio Rosa,NA,2017,11,13.17,2633,34677,extraction
Conglio Rosa,Conglio Rosa,NA,2017,12,13.17,1960,25813,extraction
Corvina,Croaker,Micropogonias furnieri,2016,1,4.59,221111,1014899,extraction
Corvina,Croaker,Micropogonias furnieri,2016,2,5.05,266215,1344386,extraction
Corvina,Croaker,Micropogonias furnieri,2016,3,5.58,683152,3811988,extraction
Corvina,Croaker,Micropogonias furnieri,2016,4,3.93,210950,829034,extraction
Corvina,Croaker,Micropogonias furnieri,2016,5,3.92,164733,645753,extraction
Corvina,Croaker,Micropogonias furnieri,2016,6,4.27,135756,579678,extraction
Corvina,Croaker,Micropogonias furnieri,2016,7,3.24,260551,844185,extraction
Corvina,Croaker,Micropogonias furnieri,2016,8,3.56,300934,1071325,extraction
Corvina,Croaker,Micropogonias furnieri,2016,9,3.35,339745,1138146,extraction
Corvina,Croaker,Micropogonias furnieri,2016,10,3.7,294306,1088932,extraction
Corvina,Croaker,Micropogonias furnieri,2016,11,4.01,313553,1257348,extraction
Corvina,Croaker,Micropogonias furnieri,2016,12,3.65,396079,1445688,extraction
Corvina,Croaker,Micropogonias furnieri,2017,1,4.8,205829,987979,extraction
Corvina,Croaker,Micropogonias furnieri,2017,2,4.2,314529,1321022,extraction
Corvina,Croaker,Micropogonias furnieri,2017,3,4.55,517447,2354384,extraction
Corvina,Croaker,Micropogonias furnieri,2017,4,5.64,636986,3592601,extraction
Corvina,Croaker,Micropogonias furnieri,2017,5,4.06,219116,889611,extraction
Corvina,Croaker,Micropogonias furnieri,2017,6,4.18,171489,716824,extraction
Corvina,Croaker,Micropogonias furnieri,2017,7,3.99,208709,832749,extraction
Corvina,Croaker,Micropogonias furnieri,2017,8,4.15,267365,1109565,extraction
Corvina,Croaker,Micropogonias furnieri,2017,9,4.14,308432,1276908,extraction
Corvina,Croaker,Micropogonias furnieri,2017,10,4.14,259721,1075245,extraction
Corvina,Croaker,Micropogonias furnieri,2017,11,4.19,346420,1451500,extraction
Corvina,Croaker,Micropogonias furnieri,2017,12,4.16,233797,972596,extraction
Curimbata,Curimbata,NA,2016,1,6.01,3320,19953,extraction
Curimbata,Curimbata,NA,2016,2,6.01,39900,239799,extraction
Curimbata,Curimbata,NA,2016,3,6.01,65200,391852,extraction
Curimbata,Curimbata,NA,2016,4,4.32,16377,70749,extraction
Curimbata,Curimbata,NA,2016,5,4.43,12540,55552,extraction
Curimbata,Curimbata,NA,2016,6,4.69,7837,36756,extraction
Curimbata,Curimbata,NA,2016,7,5.01,10474,52475,extraction
Curimbata,Curimbata,NA,2016,8,5.53,20327,112408,extraction
Curimbata,Curimbata,NA,2016,9,5.6,18835,105476,extraction
Curimbata,Curimbata,NA,2016,10,4.98,21215,105651,extraction
Curimbata,Curimbata,NA,2016,11,4.98,6300,31374,extraction
Curimbata,Curimbata,NA,2016,12,4.98,10380,51692,extraction
Curimbata,Curimbata,NA,2017,1,4.98,7904,39362,extraction
Curimbata,Curimbata,NA,2017,2,4.98,18800,93624,extraction
Curimbata,Curimbata,NA,2017,3,4.76,33286,158441,extraction
Curimbata,Curimbata,NA,2017,4,5.07,109360,554455,extraction
Curimbata,Curimbata,NA,2017,5,4.6,15420,70932,extraction
Curimbata,Curimbata,NA,2017,6,4.46,10287,45880,extraction
Curimbata,Curimbata,NA,2017,7,4.52,11400,51528,extraction
Curimbata,Curimbata,NA,2017,8,4.81,17720,85233,extraction
Curimbata,Curimbata,NA,2017,9,5.13,6560,33653,extraction
Curimbata,Curimbata,NA,2017,10,4.99,11240,56088,extraction
Curimbata,Curimbata,NA,2017,11,4.99,1280,6387,extraction
Curimbata,Curimbata,NA,2017,12,4.99,13600,67864,extraction
Dourado_mar,Dolphinfish,NA,2016,1,14.93,11528,172113,extraction
Dourado_mar,Dolphinfish,NA,2016,2,15.53,9424,146355,extraction
Dourado_mar,Dolphinfish,NA,2016,3,16.76,8333,139661,extraction
Dourado_mar,Dolphinfish,NA,2016,4,16.59,4875,80876,extraction
Dourado_mar,Dolphinfish,NA,2016,5,16.75,6023,100885,extraction
Dourado_mar,Dolphinfish,NA,2016,6,15.79,3152,49770,extraction
Dourado_mar,Dolphinfish,NA,2016,7,15.43,1969,30382,extraction
Dourado_mar,Dolphinfish,NA,2016,8,16.69,1281,21380,extraction
Dourado_mar,Dolphinfish,NA,2016,9,16.38,4351,71269,extraction
Dourado_mar,Dolphinfish,NA,2016,10,16.03,4772,76495,extraction
Dourado_mar,Dolphinfish,NA,2016,11,15.07,8140,122670,extraction
Dourado_mar,Dolphinfish,NA,2016,12,15.21,4402,66954,extraction
Dourado_mar,Dolphinfish,NA,2017,1,16.98,16590,281698,extraction
Dourado_mar,Dolphinfish,NA,2017,2,17.17,2156,37019,extraction
Dourado_mar,Dolphinfish,NA,2017,3,18.75,5024,94200,extraction
Dourado_mar,Dolphinfish,NA,2017,4,20.26,9853,199622,extraction
Dourado_mar,Dolphinfish,NA,2017,5,16.95,7404,125498,extraction
Dourado_mar,Dolphinfish,NA,2017,6,16.17,1952,31564,extraction
Dourado_mar,Dolphinfish,NA,2017,7,19.21,1724,33118,extraction
Dourado_mar,Dolphinfish,NA,2017,8,21.22,2517,53411,extraction
Dourado_mar,Dolphinfish,NA,2017,9,21.33,3780,80627,extraction
Dourado_mar,Dolphinfish,NA,2017,10,14.92,4666,69617,extraction
Dourado_mar,Dolphinfish,NA,2017,11,14.81,5941,87986,extraction
Dourado_mar,Dolphinfish,NA,2017,12,14.38,9146,131519,extraction
Espada,Broadbill,Xiphias gladius,2016,1,3.92,35289,138333,extraction
Espada,Broadbill,Xiphias gladius,2016,2,4,34435,137740,extraction
Espada,Broadbill,Xiphias gladius,2016,3,4.06,50415,204685,extraction
Espada,Broadbill,Xiphias gladius,2016,4,3.48,28258,98338,extraction
Espada,Broadbill,Xiphias gladius,2016,5,3.21,11173,35865,extraction
Espada,Broadbill,Xiphias gladius,2016,6,3.6,4359,15692,extraction
Espada,Broadbill,Xiphias gladius,2016,7,4.33,7443,32228,extraction
Espada,Broadbill,Xiphias gladius,2016,8,4.09,5466,22356,extraction
Espada,Broadbill,Xiphias gladius,2016,9,4.48,4908,21988,extraction
Espada,Broadbill,Xiphias gladius,2016,10,4.27,13398,57209,extraction
Espada,Broadbill,Xiphias gladius,2016,11,5.52,6425,35466,extraction
Espada,Broadbill,Xiphias gladius,2016,12,4.77,5926,28267,extraction
Espada,Broadbill,Xiphias gladius,2017,1,5.68,20741,117809,extraction
Espada,Broadbill,Xiphias gladius,2017,2,4.8,21024,100915,extraction
Espada,Broadbill,Xiphias gladius,2017,3,4.33,39999,173196,extraction
Espada,Broadbill,Xiphias gladius,2017,4,4.75,11320,53770,extraction
Espada,Broadbill,Xiphias gladius,2017,5,4.11,8539,35095,extraction
Espada,Broadbill,Xiphias gladius,2017,6,4.63,13851,64130,extraction
Espada,Broadbill,Xiphias gladius,2017,7,3.97,18140,72016,extraction
Espada,Broadbill,Xiphias gladius,2017,8,4.04,11124,44941,extraction
Espada,Broadbill,Xiphias gladius,2017,9,4.05,9116,36920,extraction
Espada,Broadbill,Xiphias gladius,2017,10,3.81,26310,100241,extraction
Espada,Broadbill,Xiphias gladius,2017,11,4.04,7422,29985,extraction
Espada,Broadbill,Xiphias gladius,2017,12,4.07,14946,60830,extraction
Galo,American John Dory,Zenopsis conchifer,2016,1,3.77,682,2571,extraction
Galo,American John Dory,Zenopsis conchifer,2016,2,3.77,1345,5071,extraction
Galo,American John Dory,Zenopsis conchifer,2016,3,3.77,4016,15140,extraction
Galo,American John Dory,Zenopsis conchifer,2016,4,2.85,2909,8291,extraction
Galo,American John Dory,Zenopsis conchifer,2016,5,2.85,4969,14162,extraction
Galo,American John Dory,Zenopsis conchifer,2016,6,2.85,1594,4543,extraction
Galo,American John Dory,Zenopsis conchifer,2016,7,2.5,954,2385,extraction
Galo,American John Dory,Zenopsis conchifer,2016,8,2.76,491,1355,extraction
Galo,American John Dory,Zenopsis conchifer,2016,9,2.76,169,466,extraction
Galo,American John Dory,Zenopsis conchifer,2016,10,2.76,487,1344,extraction
Galo,American John Dory,Zenopsis conchifer,2016,11,2.76,665,1835,extraction
Galo,American John Dory,Zenopsis conchifer,2016,12,2.76,1184,3268,extraction
Galo,American John Dory,Zenopsis conchifer,2017,1,3.25,2950,9588,extraction
Galo,American John Dory,Zenopsis conchifer,2017,2,3.25,8547,27778,extraction
Galo,American John Dory,Zenopsis conchifer,2017,3,3.25,4313,14017,extraction
Galo,American John Dory,Zenopsis conchifer,2017,4,3.25,1600,5200,extraction
Galo,American John Dory,Zenopsis conchifer,2017,5,3.25,4767,15493,extraction
Galo,American John Dory,Zenopsis conchifer,2017,6,3.25,2318,7534,extraction
Galo,American John Dory,Zenopsis conchifer,2017,7,3.2,643,2058,extraction
Galo,American John Dory,Zenopsis conchifer,2017,8,3.2,1518,4858,extraction
Galo,American John Dory,Zenopsis conchifer,2017,9,3.2,3573,11434,extraction
Galo,American John Dory,Zenopsis conchifer,2017,10,3.2,3854,12333,extraction
Galo,American John Dory,Zenopsis conchifer,2017,11,3.2,1854,5933,extraction
Galo,American John Dory,Zenopsis conchifer,2017,12,2.33,2600,6058,extraction
Garoupa,Deady,Epinephelus spp.,2016,1,26.41,2539,67055,extraction
Garoupa,Deady,Epinephelus spp.,2016,2,21.05,2867,60350,extraction
Garoupa,Deady,Epinephelus spp.,2016,3,22.71,1414,32112,extraction
Garoupa,Deady,Epinephelus spp.,2016,4,21.73,1176,25554,extraction
Garoupa,Deady,Epinephelus spp.,2016,5,22.25,1323,29437,extraction
Garoupa,Deady,Epinephelus spp.,2016,6,23.75,3229,76689,extraction
Garoupa,Deady,Epinephelus spp.,2016,7,25.89,1561,40414,extraction
Garoupa,Deady,Epinephelus spp.,2016,8,25.89,761,19702,extraction
Garoupa,Deady,Epinephelus spp.,2016,9,26.26,806,21166,extraction
Garoupa,Deady,Epinephelus spp.,2016,10,25.86,2024,52341,extraction
Garoupa,Deady,Epinephelus spp.,2016,11,23.52,1494,35139,extraction
Garoupa,Deady,Epinephelus spp.,2016,12,19.64,3635,71391,extraction
Garoupa,Deady,Epinephelus spp.,2017,1,19.64,523,10272,extraction
Garoupa,Deady,Epinephelus spp.,2017,2,19,614,11666,extraction
Garoupa,Deady,Epinephelus spp.,2017,3,19,204,3876,extraction
Garoupa,Deady,Epinephelus spp.,2017,5,19,609,11571,extraction
Garoupa,Deady,Epinephelus spp.,2017,6,19,1393,26467,extraction
Garoupa,Deady,Epinephelus spp.,2017,7,19,552,10488,extraction
Garoupa,Deady,Epinephelus spp.,2017,8,19,1806,34314,extraction
Garoupa,Deady,Epinephelus spp.,2017,9,19,1320,25080,extraction
Garoupa,Deady,Epinephelus spp.,2017,10,23.46,1091,25595,extraction
Garoupa,Deady,Epinephelus spp.,2017,11,23.73,1520,36070,extraction
Garoupa,Deady,Epinephelus spp.,2017,12,23.08,1575,36351,extraction
Guaivira,Jack,Oligoplites spp.,2016,1,1.77,4100,7257,extraction
Guaivira,Jack,Oligoplites spp.,2016,2,1.39,7211,10023,extraction
Guaivira,Jack,Oligoplites spp.,2016,3,1.39,3280,4559,extraction
Guaivira,Jack,Oligoplites spp.,2016,4,1.39,8460,11759,extraction
Guaivira,Jack,Oligoplites spp.,2016,5,1.39,3014,4189,extraction
Guaivira,Jack,Oligoplites spp.,2016,6,1.39,7775,10807,extraction
Guaivira,Jack,Oligoplites spp.,2016,7,1.18,3310,3906,extraction
Guaivira,Jack,Oligoplites spp.,2016,8,1.18,1620,1912,extraction
Guaivira,Jack,Oligoplites spp.,2016,9,1.18,6820,8048,extraction
Guaivira,Jack,Oligoplites spp.,2016,10,1.18,3580,4224,extraction
Guaivira,Jack,Oligoplites spp.,2016,11,1.18,6340,7481,extraction
Guaivira,Jack,Oligoplites spp.,2016,12,1.39,2360,3280,extraction
Guaivira,Jack,Oligoplites spp.,2017,1,1.39,8080,11231,extraction
Guaivira,Jack,Oligoplites spp.,2017,2,1.43,2380,3403,extraction
Guaivira,Jack,Oligoplites spp.,2017,3,1.52,5670,8618,extraction
Guaivira,Jack,Oligoplites spp.,2017,4,1.52,720,1094,extraction
Guaivira,Jack,Oligoplites spp.,2017,5,1.52,2200,3344,extraction
Guaivira,Jack,Oligoplites spp.,2017,6,1.77,2648,4687,extraction
Guaivira,Jack,Oligoplites spp.,2017,7,1.51,13120,19811,extraction
Guaivira,Jack,Oligoplites spp.,2017,8,1.51,5180,7822,extraction
Guaivira,Jack,Oligoplites spp.,2017,9,1.51,1440,2174,extraction
Guaivira,Jack,Oligoplites spp.,2017,10,1.51,4300,6493,extraction
Guaivira,Jack,Oligoplites spp.,2017,11,1.51,4700,7097,extraction
Guaivira,Jack,Oligoplites spp.,2017,12,1.07,3800,4066,extraction
Lambari,Lambari,NA,2016,1,4.1,460,1886,extraction
Lambari,Lambari,NA,2016,3,4.1,1050,4305,extraction
Lambari,Lambari,NA,2016,4,4.1,3140,12874,extraction
Lambari,Lambari,NA,2016,5,4.1,1100,4510,extraction
Lambari,Lambari,NA,2016,6,4.1,3100,12710,extraction
Lambari,Lambari,NA,2016,7,5,4680,23400,extraction
Lambari,Lambari,NA,2016,8,5,4800,24000,extraction
Lambari,Lambari,NA,2016,9,5,2104,10520,extraction
Lambari,Lambari,NA,2016,10,5,1100,5500,extraction
Lambari,Lambari,NA,2016,11,5,1503,7515,extraction
Lambari,Lambari,NA,2016,12,5,4500,22500,extraction
Lambari,Lambari,NA,2017,2,5,550,2750,extraction
Lambari,Lambari,NA,2017,3,5,3300,16500,extraction
Lambari,Lambari,NA,2017,4,5,5670,28350,extraction
Lambari,Lambari,NA,2017,5,5,2795,13975,extraction
Lambari,Lambari,NA,2017,6,5.5,3959,21775,extraction
Lambari,Lambari,NA,2017,7,6.25,950,5938,extraction
Lambari,Lambari,NA,2017,8,6.25,1740,10875,extraction
Lambari,Lambari,NA,2017,9,6.25,3810,23813,extraction
Lambari,Lambari,NA,2017,10,6.25,4880,30500,extraction
Lambari,Lambari,NA,2017,11,6.25,340,2125,extraction
Lambari,Lambari,NA,2017,12,6.25,350,2188,extraction
Linguado,Flatfish,Paralichthys spp.,2016,1,12.14,21644,262758,extraction
Linguado,Flatfish,Paralichthys spp.,2016,2,10.83,31236,338286,extraction
Linguado,Flatfish,Paralichthys spp.,2016,3,10.94,24706,270284,extraction
Linguado,Flatfish,Paralichthys spp.,2016,4,10.35,25403,262921,extraction
Linguado,Flatfish,Paralichthys spp.,2016,5,10.62,21240,225569,extraction
Linguado,Flatfish,Paralichthys spp.,2016,6,10.89,14111,153669,extraction
Linguado,Flatfish,Paralichthys spp.,2016,7,10.74,16296,175019,extraction
Linguado,Flatfish,Paralichthys spp.,2016,8,10.8,23689,255841,extraction
Linguado,Flatfish,Paralichthys spp.,2016,9,11.28,14983,169008,extraction
Linguado,Flatfish,Paralichthys spp.,2016,10,12.67,16155,204684,extraction
Linguado,Flatfish,Paralichthys spp.,2016,11,11.37,27740,315404,extraction
Linguado,Flatfish,Paralichthys spp.,2016,12,11.13,25245,280977,extraction
Linguado,Flatfish,Paralichthys spp.,2017,1,13.7,12819,175620,extraction
Linguado,Flatfish,Paralichthys spp.,2017,2,12.64,15999,202227,extraction
Linguado,Flatfish,Paralichthys spp.,2017,3,14.66,19748,289506,extraction
Linguado,Flatfish,Paralichthys spp.,2017,4,14.74,24163,356163,extraction
Linguado,Flatfish,Paralichthys spp.,2017,5,11.45,22460,257167,extraction
Linguado,Flatfish,Paralichthys spp.,2017,6,12.33,21012,259078,extraction
Linguado,Flatfish,Paralichthys spp.,2017,7,12.1,14458,174942,extraction
Linguado,Flatfish,Paralichthys spp.,2017,8,12.56,23300,292648,extraction
Linguado,Flatfish,Paralichthys spp.,2017,9,13.16,23580,310313,extraction
Linguado,Flatfish,Paralichthys spp.,2017,10,11.28,31391,354090,extraction
Linguado,Flatfish,Paralichthys spp.,2017,11,12.07,25045,302293,extraction
Linguado,Flatfish,Paralichthys spp.,2017,12,11.57,14713,170229,extraction
Lula,Squid,Loligo sanpaulensis,2016,1,22.03,20939,461286,extraction
Lula,Squid,Loligo sanpaulensis,2016,2,14.37,38050,546779,extraction
Lula,Squid,Loligo sanpaulensis,2016,3,16.55,42326,700495,extraction
Lula,Squid,Loligo sanpaulensis,2016,4,11.44,67081,767407,extraction
Lula,Squid,Loligo sanpaulensis,2016,5,21.33,12245,261186,extraction
Lula,Squid,Loligo sanpaulensis,2016,6,24,7772,186528,extraction
Lula,Squid,Loligo sanpaulensis,2016,7,26.53,26712,708669,extraction
Lula,Squid,Loligo sanpaulensis,2016,8,20.47,11187,228998,extraction
Lula,Squid,Loligo sanpaulensis,2016,9,27.67,9151,253208,extraction
Lula,Squid,Loligo sanpaulensis,2016,10,21.5,23283,500585,extraction
Lula,Squid,Loligo sanpaulensis,2016,11,27.57,6161,169859,extraction
Lula,Squid,Loligo sanpaulensis,2016,12,28.91,12267,354639,extraction
Lula,Squid,Loligo sanpaulensis,2017,1,32.67,10052,328399,extraction
Lula,Squid,Loligo sanpaulensis,2017,2,33.76,10814,365081,extraction
Lula,Squid,Loligo sanpaulensis,2017,3,32.83,26207,860376,extraction
Lula,Squid,Loligo sanpaulensis,2017,4,35.07,31613,1108668,extraction
Lula,Squid,Loligo sanpaulensis,2017,5,36.42,26366,960250,extraction
Lula,Squid,Loligo sanpaulensis,2017,6,37.35,11635,434567,extraction
Lula,Squid,Loligo sanpaulensis,2017,7,37.55,34300,1287965,extraction
Lula,Squid,Loligo sanpaulensis,2017,8,35.78,9996,357657,extraction
Lula,Squid,Loligo sanpaulensis,2017,9,38.67,24207,936085,extraction
Lula,Squid,Loligo sanpaulensis,2017,10,34.58,20447,707057,extraction
Lula,Squid,Loligo sanpaulensis,2017,11,18.38,24361,447755,extraction
Lula,Squid,Loligo sanpaulensis,2017,12,16.56,27535,455980,extraction
Mandi,catfish,NA,2016,1,5.17,300,1551,extraction
Mandi,catfish,NA,2016,2,5.17,1347,6964,extraction
Mandi,catfish,NA,2016,3,5.17,7190,37172,extraction
Mandi,catfish,NA,2016,4,5.17,7403,38274,extraction
Mandi,catfish,NA,2016,5,5.17,4480,23162,extraction
Mandi,catfish,NA,2016,6,5.82,8030,46735,extraction
Mandi,catfish,NA,2016,7,6,5830,34980,extraction
Mandi,catfish,NA,2016,8,6,9298,55788,extraction
Mandi,catfish,NA,2016,9,6,3620,21720,extraction
Mandi,catfish,NA,2016,10,6,3765,22590,extraction
Mandi,catfish,NA,2016,11,6,1860,11160,extraction
Mandi,catfish,NA,2016,12,6,3200,19200,extraction
Mandi,catfish,NA,2017,3,6,9840,59040,extraction
Mandi,catfish,NA,2017,4,6,9655,57930,extraction
Mandi,catfish,NA,2017,5,6,8680,52080,extraction
Mandi,catfish,NA,2017,6,6,5713,34278,extraction
Mandi,catfish,NA,2017,7,6,5180,31080,extraction
Mandi,catfish,NA,2017,8,6,9500,57000,extraction
Mandi,catfish,NA,2017,9,5.68,6220,35330,extraction
Mandi,catfish,NA,2017,10,5.83,4720,27518,extraction
Manjuba,Anchovy,Anchoa spp.,2016,1,2.94,34310,100871,extraction
Manjuba,Anchovy,Anchoa spp.,2016,2,3.98,77340,307813,extraction
Manjuba,Anchovy,Anchoa spp.,2016,3,5.81,64116,372514,extraction
Manjuba,Anchovy,Anchoa spp.,2016,4,7.56,18302,138363,extraction
Manjuba,Anchovy,Anchoa spp.,2016,5,10.66,9425,100471,extraction
Manjuba,Anchovy,Anchoa spp.,2016,6,10.91,6043,65929,extraction
Manjuba,Anchovy,Anchoa spp.,2016,7,9.76,3851,37586,extraction
Manjuba,Anchovy,Anchoa spp.,2016,8,10.75,6840,73530,extraction
Manjuba,Anchovy,Anchoa spp.,2016,9,9.44,21264,200732,extraction
Manjuba,Anchovy,Anchoa spp.,2016,10,7.65,39276,300461,extraction
Manjuba,Anchovy,Anchoa spp.,2016,11,7.47,41488,309915,extraction
Manjuba,Anchovy,Anchoa spp.,2016,12,8.48,20430,173246,extraction
Manjuba,Anchovy,Anchoa spp.,2017,1,7.5,9220,69150,extraction
Manjuba,Anchovy,Anchoa spp.,2017,2,8.91,11680,104069,extraction
Manjuba,Anchovy,Anchoa spp.,2017,3,10.75,13432,144394,extraction
Manjuba,Anchovy,Anchoa spp.,2017,4,11.71,8000,93680,extraction
Manjuba,Anchovy,Anchoa spp.,2017,5,12.72,2665,33899,extraction
Manjuba,Anchovy,Anchoa spp.,2017,6,12.8,2038,26086,extraction
Manjuba,Anchovy,Anchoa spp.,2017,7,13.72,1958,26864,extraction
Manjuba,Anchovy,Anchoa spp.,2017,8,13.75,10386,142808,extraction
Manjuba,Anchovy,Anchoa spp.,2017,9,12.03,12874,154874,extraction
Manjuba,Anchovy,Anchoa spp.,2017,10,8.8,27613,242994,extraction
Manjuba,Anchovy,Anchoa spp.,2017,11,7.71,28613,220606,extraction
Manjuba,Anchovy,Anchoa spp.,2017,12,8.06,12960,104458,extraction
Mexilhao_com_casca,Mussel,NA,2016,1,22.67,120,2720,extraction
Mexilhao_com_casca,Mussel,NA,2016,2,22.67,2760,62569,extraction
Mexilhao_com_casca,Mussel,NA,2016,3,22.67,360,8161,extraction
Mexilhao_com_casca,Mussel,NA,2016,4,22.67,240,5441,extraction
Mexilhao_com_casca,Mussel,NA,2016,5,22.67,100,2267,extraction
Mexilhao_com_casca,Mussel,NA,2016,6,22.67,150,3401,extraction
Mexilhao_com_casca,Mussel,NA,2016,7,22.67,50,1134,extraction
Mexilhao_com_casca,Mussel,NA,2017,7,22.96,500,11480,extraction
Mexilhao_com_casca,Mussel,NA,2017,8,22.96,80,1837,extraction
Mexilhao_com_casca,Mussel,NA,2017,9,23.67,580,13729,extraction
Mexilhao_com_casca,Mussel,NA,2017,10,24.6,950,23370,extraction
Mexilhao_com_casca,Mussel,NA,2017,11,24.6,1860,45756,extraction
Mexilhao_com_casca,Mussel,NA,2017,12,24.6,1280,31488,extraction
Mexilhao_limpo,Mussel,NA,2016,1,22.58,980,22128,extraction
Mexilhao_limpo,Mussel,NA,2016,2,23.32,330,7696,extraction
Mexilhao_limpo,Mussel,NA,2016,3,22.53,310,6984,extraction
Mexilhao_limpo,Mussel,NA,2016,4,22.77,270,6148,extraction
Mexilhao_limpo,Mussel,NA,2016,5,22.76,630,14339,extraction
Mexilhao_limpo,Mussel,NA,2016,6,22.84,100,2284,extraction
Mexilhao_limpo,Mussel,NA,2016,7,22.5,867,19508,extraction
Mexilhao_limpo,Mussel,NA,2016,8,22.67,210,4761,extraction
Mexilhao_limpo,Mussel,NA,2016,9,22.67,980,22217,extraction
Mexilhao_limpo,Mussel,NA,2016,10,22.67,800,18136,extraction
Mexilhao_limpo,Mussel,NA,2016,11,22.67,1200,27204,extraction
Mexilhao_limpo,Mussel,NA,2016,12,22.67,1705,38652,extraction
Mexilhao_limpo,Mussel,NA,2017,1,22.67,1740,39446,extraction
Mexilhao_limpo,Mussel,NA,2017,2,22.67,1750,39673,extraction
Mexilhao_limpo,Mussel,NA,2017,3,24,3025,72600,extraction
Mexilhao_limpo,Mussel,NA,2017,4,24,2130,51120,extraction
Mexilhao_limpo,Mussel,NA,2017,5,24,5480,131520,extraction
Mexilhao_limpo,Mussel,NA,2017,6,23.58,8454,199345,extraction
Mexilhao_limpo,Mussel,NA,2017,7,23.91,3995,95520,extraction
Mexilhao_limpo,Mussel,NA,2017,8,23.68,4920,116506,extraction
Mexilhao_limpo,Mussel,NA,2017,9,24.72,2171,53667,extraction
Mexilhao_limpo,Mussel,NA,2017,10,24.72,1312,32433,extraction
Mexilhao_limpo,Mussel,NA,2017,11,24.72,1547,38242,extraction
Mexilhao_limpo,Mussel,NA,2017,12,23.17,1920,44486,extraction
Mistura_agua_salgada,Other small fish,NA,2016,1,1.12,183717,205763,extraction
Mistura_agua_salgada,Other small fish,NA,2016,2,1.26,121737,153389,extraction
Mistura_agua_salgada,Other small fish,NA,2016,3,1.54,138957,213994,extraction
Mistura_agua_salgada,Other small fish,NA,2016,4,1.02,164059,167340,extraction
Mistura_agua_salgada,Other small fish,NA,2016,5,0.87,92812,80746,extraction
Mistura_agua_salgada,Other small fish,NA,2016,6,1.27,147086,186799,extraction
Mistura_agua_salgada,Other small fish,NA,2016,7,0.87,101784,88552,extraction
Mistura_agua_salgada,Other small fish,NA,2016,8,0.97,97758,94825,extraction
Mistura_agua_salgada,Other small fish,NA,2016,9,0.94,94340,88680,extraction
Mistura_agua_salgada,Other small fish,NA,2016,10,1.29,87683,113111,extraction
Mistura_agua_salgada,Other small fish,NA,2016,11,1.2,65431,78517,extraction
Mistura_agua_salgada,Other small fish,NA,2016,12,1.15,76037,87443,extraction
Mistura_agua_salgada,Other small fish,NA,2017,1,1.26,43538,54858,extraction
Mistura_agua_salgada,Other small fish,NA,2017,2,1.24,48636,60309,extraction
Mistura_agua_salgada,Other small fish,NA,2017,3,1.31,91314,119621,extraction
Mistura_agua_salgada,Other small fish,NA,2017,4,1.56,53359,83240,extraction
Mistura_agua_salgada,Other small fish,NA,2017,5,1.1,84139,92553,extraction
Mistura_agua_salgada,Other small fish,NA,2017,6,1.44,104609,150637,extraction
Mistura_agua_salgada,Other small fish,NA,2017,7,1.61,74916,120615,extraction
Mistura_agua_salgada,Other small fish,NA,2017,8,1.46,69572,101575,extraction
Mistura_agua_salgada,Other small fish,NA,2017,9,1.47,96197,141410,extraction
Mistura_agua_salgada,Other small fish,NA,2017,10,1.1,122021,134223,extraction
Mistura_agua_salgada,Other small fish,NA,2017,11,1.22,83945,102413,extraction
Mistura_agua_salgada,Other small fish,NA,2017,12,1.01,80977,81787,extraction
Namorado,Namorado,Pseudopercis spp.,2016,1,19.56,6616,129409,extraction
Namorado,Namorado,Pseudopercis spp.,2016,2,15.68,10823,169705,extraction
Namorado,Namorado,Pseudopercis spp.,2016,3,18.37,15479,284349,extraction
Namorado,Namorado,Pseudopercis spp.,2016,4,16.95,11884,201434,extraction
Namorado,Namorado,Pseudopercis spp.,2016,5,15.12,10080,152410,extraction
Namorado,Namorado,Pseudopercis spp.,2016,6,15.37,7574,116412,extraction
Namorado,Namorado,Pseudopercis spp.,2016,7,13.84,12021,166371,extraction
Namorado,Namorado,Pseudopercis spp.,2016,8,16.84,6371,107288,extraction
Namorado,Namorado,Pseudopercis spp.,2016,9,16.6,9502,157733,extraction
Namorado,Namorado,Pseudopercis spp.,2016,10,17.44,6685,116586,extraction
Namorado,Namorado,Pseudopercis spp.,2016,11,16.84,6753,113721,extraction
Namorado,Namorado,Pseudopercis spp.,2016,12,15.92,8973,142850,extraction
Namorado,Namorado,Pseudopercis spp.,2017,1,22.65,3574,80951,extraction
Namorado,Namorado,Pseudopercis spp.,2017,2,17.42,5350,93197,extraction
Namorado,Namorado,Pseudopercis spp.,2017,3,19.43,4712,91554,extraction
Namorado,Namorado,Pseudopercis spp.,2017,4,20.15,5710,115057,extraction
Namorado,Namorado,Pseudopercis spp.,2017,5,17.34,6291,109086,extraction
Namorado,Namorado,Pseudopercis spp.,2017,6,17.33,6082,105401,extraction
Namorado,Namorado,Pseudopercis spp.,2017,7,14.22,5635,80130,extraction
Namorado,Namorado,Pseudopercis spp.,2017,8,16.56,11182,185174,extraction
Namorado,Namorado,Pseudopercis spp.,2017,9,19.11,4579,87505,extraction
Namorado,Namorado,Pseudopercis spp.,2017,10,20.31,8363,169853,extraction
Namorado,Namorado,Pseudopercis spp.,2017,11,15.98,8092,129310,extraction
Namorado,Namorado,Pseudopercis spp.,2017,12,14.01,11851,166033,extraction
Olhete,Amberjack,Seriola lalandi,2016,1,15.22,3773,57425,extraction
Olhete,Amberjack,Seriola lalandi,2016,2,16.69,6892,115027,extraction
Olhete,Amberjack,Seriola lalandi,2016,3,15.32,9499,145525,extraction
Olhete,Amberjack,Seriola lalandi,2016,4,15.6,6323,98639,extraction
Olhete,Amberjack,Seriola lalandi,2016,5,13.31,19549,260197,extraction
Olhete,Amberjack,Seriola lalandi,2016,6,11.14,7187,80063,extraction
Olhete,Amberjack,Seriola lalandi,2016,7,8.26,24173,199669,extraction
Olhete,Amberjack,Seriola lalandi,2016,8,10.57,27621,291954,extraction
Olhete,Amberjack,Seriola lalandi,2016,9,8.78,26544,233056,extraction
Olhete,Amberjack,Seriola lalandi,2016,10,10.62,14225,151070,extraction
Olhete,Amberjack,Seriola lalandi,2016,11,14.74,8626,127147,extraction
Olhete,Amberjack,Seriola lalandi,2016,12,11.56,7023,81186,extraction
Olhete,Amberjack,Seriola lalandi,2017,1,22.56,6092,137436,extraction
Olhete,Amberjack,Seriola lalandi,2017,2,19.83,1670,33116,extraction
Olhete,Amberjack,Seriola lalandi,2017,3,18.27,7120,130082,extraction
Olhete,Amberjack,Seriola lalandi,2017,4,18.48,3026,55920,extraction
Olhete,Amberjack,Seriola lalandi,2017,5,15.4,5986,92184,extraction
Olhete,Amberjack,Seriola lalandi,2017,6,8.93,28463,254175,extraction
Olhete,Amberjack,Seriola lalandi,2017,7,6.71,26312,176554,extraction
Olhete,Amberjack,Seriola lalandi,2017,8,15.5,3476,53878,extraction
Olhete,Amberjack,Seriola lalandi,2017,9,20.83,12800,266624,extraction
Olhete,Amberjack,Seriola lalandi,2017,10,14.14,18290,258621,extraction
Olhete,Amberjack,Seriola lalandi,2017,11,11.75,7496,88078,extraction
Olhete,Amberjack,Seriola lalandi,2017,12,11.25,14733,165746,extraction
Olho de Boi,Amberjack,NA,2016,1,24.53,960,23549,extraction
Olho de Boi,Amberjack,NA,2016,2,23.37,1868,43655,extraction
Olho de Boi,Amberjack,NA,2016,3,22.5,6126,137835,extraction
Olho de Boi,Amberjack,NA,2016,4,25.59,4090,104663,extraction
Olho de Boi,Amberjack,NA,2016,5,22.68,1294,29348,extraction
Olho de Boi,Amberjack,NA,2016,6,22.48,1561,35091,extraction
Olho de Boi,Amberjack,NA,2016,7,18.43,3344,61630,extraction
Olho de Boi,Amberjack,NA,2016,8,19.74,4076,80460,extraction
Olho de Boi,Amberjack,NA,2016,9,21.7,1741,37780,extraction
Olho de Boi,Amberjack,NA,2016,10,23.4,2660,62244,extraction
Olho de Boi,Amberjack,NA,2016,11,21.03,3661,76991,extraction
Olho de Boi,Amberjack,NA,2016,12,18.87,2209,41684,extraction
Olho de Boi,Amberjack,NA,2017,1,25.17,3315,83439,extraction
Olho de Boi,Amberjack,NA,2017,2,22.98,7594,174510,extraction
Olho de Boi,Amberjack,NA,2017,3,24.41,3256,79479,extraction
Olho de Boi,Amberjack,NA,2017,4,25.91,4899,126933,extraction
Olho de Boi,Amberjack,NA,2017,5,23.62,3844,90795,extraction
Olho de Boi,Amberjack,NA,2017,6,20.03,4654,93220,extraction
Olho de Boi,Amberjack,NA,2017,7,15.38,1667,25638,extraction
Olho de Boi,Amberjack,NA,2017,8,21.93,4800,105264,extraction
Olho de Boi,Amberjack,NA,2017,9,26.67,5723,152632,extraction
Olho de Boi,Amberjack,NA,2017,10,19.41,5651,109686,extraction
Olho de Boi,Amberjack,NA,2017,11,18.89,5213,98474,extraction
Olho de Boi,Amberjack,NA,2017,12,15.91,3597,57228,extraction
Parati,Mullet,NA,2016,1,2.27,2988,6783,extraction
Parati,Mullet,NA,2016,2,2.27,6010,13643,extraction
Parati,Mullet,NA,2016,3,2.27,8440,19159,extraction
Parati,Mullet,NA,2016,4,2.27,9650,21906,extraction
Parati,Mullet,NA,2016,5,2.27,13064,29655,extraction
Parati,Mullet,NA,2016,6,2.02,3483,7036,extraction
Parati,Mullet,NA,2016,7,2.02,1278,2582,extraction
Parati,Mullet,NA,2016,8,2.02,5015,10130,extraction
Parati,Mullet,NA,2016,9,2.02,5133,10369,extraction
Parati,Mullet,NA,2016,10,2.02,11998,24236,extraction
Parati,Mullet,NA,2016,11,2.02,8875,17928,extraction
Parati,Mullet,NA,2016,12,2.02,1370,2767,extraction
Parati,Mullet,NA,2017,1,2.02,3160,6383,extraction
Parati,Mullet,NA,2017,2,2.02,1920,3878,extraction
Parati,Mullet,NA,2017,3,2.02,4614,9320,extraction
Parati,Mullet,NA,2017,4,2.02,2780,5616,extraction
Parati,Mullet,NA,2017,5,2.02,2253,4551,extraction
Parati,Mullet,NA,2017,6,2.02,2731,5517,extraction
Parati,Mullet,NA,2017,7,3,1080,3240,extraction
Parati,Mullet,NA,2017,8,3,1400,4200,extraction
Parati,Mullet,NA,2017,9,3,1660,4980,extraction
Parati,Mullet,NA,2017,10,3,3043,9129,extraction
Parati,Mullet,NA,2017,11,3,1940,5820,extraction
Parati,Mullet,NA,2017,12,3,726,2178,extraction
Pargo,American red,Lutjanus purpureus,2016,1,11.21,5037,56465,extraction
Pargo,American red,Lutjanus purpureus,2016,2,11.21,21302,238795,extraction
Pargo,American red,Lutjanus purpureus,2016,3,10.83,5926,64179,extraction
Pargo,American red,Lutjanus purpureus,2016,4,10,12993,129930,extraction
Pargo,American red,Lutjanus purpureus,2016,5,7.3,14770,107821,extraction
Pargo,American red,Lutjanus purpureus,2016,6,8.09,10868,87922,extraction
Pargo,American red,Lutjanus purpureus,2016,7,6.81,20070,136677,extraction
Pargo,American red,Lutjanus purpureus,2016,8,7.33,18283,134014,extraction
Pargo,American red,Lutjanus purpureus,2016,9,6.93,12783,88586,extraction
Pargo,American red,Lutjanus purpureus,2016,10,8.01,25010,200330,extraction
Pargo,American red,Lutjanus purpureus,2016,11,7.82,12440,97281,extraction
Pargo,American red,Lutjanus purpureus,2016,12,7.92,14056,111324,extraction
Pargo,American red,Lutjanus purpureus,2017,1,9.2,2418,22246,extraction
Pargo,American red,Lutjanus purpureus,2017,2,9.48,5118,48519,extraction
Pargo,American red,Lutjanus purpureus,2017,3,13.31,6285,83653,extraction
Pargo,American red,Lutjanus purpureus,2017,4,14.77,10067,148690,extraction
Pargo,American red,Lutjanus purpureus,2017,5,9.49,10680,101353,extraction
Pargo,American red,Lutjanus purpureus,2017,6,8.33,5657,47123,extraction
Pargo,American red,Lutjanus purpureus,2017,7,7.54,16094,121349,extraction
Pargo,American red,Lutjanus purpureus,2017,8,8.14,15952,129849,extraction
Pargo,American red,Lutjanus purpureus,2017,9,7.82,9137,71451,extraction
Pargo,American red,Lutjanus purpureus,2017,10,8.4,4910,41244,extraction
Pargo,American red,Lutjanus purpureus,2017,11,9.7,9811,95167,extraction
Pargo,American red,Lutjanus purpureus,2017,12,8.47,3960,33541,extraction
Peixe Castanha,Peixe Castanha,NA,2016,1,1.9,2520,4788,extraction
Peixe Castanha,Peixe Castanha,NA,2016,2,1.9,4800,9120,extraction
Peixe Castanha,Peixe Castanha,NA,2016,3,1.9,4360,8284,extraction
Peixe Castanha,Peixe Castanha,NA,2016,4,1.9,1879,3570,extraction
Peixe Castanha,Peixe Castanha,NA,2016,5,1.9,540,1026,extraction
Peixe Castanha,Peixe Castanha,NA,2016,6,1.53,3620,5539,extraction
Peixe Castanha,Peixe Castanha,NA,2016,7,1.4,1200,1680,extraction
Peixe Castanha,Peixe Castanha,NA,2016,8,1.4,3100,4340,extraction
Peixe Castanha,Peixe Castanha,NA,2016,9,1.4,3980,5572,extraction
Peixe Castanha,Peixe Castanha,NA,2016,10,1.4,8140,11396,extraction
Peixe Castanha,Peixe Castanha,NA,2016,11,1.4,3492,4889,extraction
Peixe Castanha,Peixe Castanha,NA,2016,12,1.44,580,835,extraction
Peixe Castanha,Peixe Castanha,NA,2017,1,1.44,720,1037,extraction
Peixe Castanha,Peixe Castanha,NA,2017,2,1.44,18,26,extraction
Peixe Castanha,Peixe Castanha,NA,2017,3,1.44,2180,3139,extraction
Peixe Castanha,Peixe Castanha,NA,2017,4,1.44,9100,13104,extraction
Peixe Castanha,Peixe Castanha,NA,2017,5,1.44,12860,18518,extraction
Peixe Castanha,Peixe Castanha,NA,2017,6,2.01,4740,9527,extraction
Peixe Castanha,Peixe Castanha,NA,2017,7,1.41,2160,3046,extraction
Peixe Castanha,Peixe Castanha,NA,2017,8,1.41,360,508,extraction
Peixe Castanha,Peixe Castanha,NA,2017,9,1.41,2360,3328,extraction
Peixe Castanha,Peixe Castanha,NA,2017,10,1.41,1920,2707,extraction
Peixe Castanha,Peixe Castanha,NA,2017,11,1.41,3800,5358,extraction
Peixe Castanha,Peixe Castanha,NA,2017,12,1.32,940,1241,extraction
Peroa Branco,Triggerfish,NA,2016,1,4.33,192740,834564,extraction
Peroa Branco,Triggerfish,NA,2016,2,4.33,220139,953202,extraction
Peroa Branco,Triggerfish,NA,2016,3,4.33,288661,1249902,extraction
Peroa Branco,Triggerfish,NA,2016,4,4.33,264315,1144484,extraction
Peroa Branco,Triggerfish,NA,2016,5,2.8,171401,479923,extraction
Peroa Branco,Triggerfish,NA,2016,6,2.71,176900,479399,extraction
Peroa Branco,Triggerfish,NA,2016,7,2.66,147855,393294,extraction
Peroa Branco,Triggerfish,NA,2016,8,2.66,135980,361707,extraction
Peroa Branco,Triggerfish,NA,2016,9,2.66,129864,345438,extraction
Peroa Branco,Triggerfish,NA,2016,10,2.66,89540,238176,extraction
Peroa Branco,Triggerfish,NA,2016,11,2.66,27345,72738,extraction
Peroa Branco,Triggerfish,NA,2016,12,6,37841,227046,extraction
Peroa Branco,Triggerfish,NA,2017,1,8.17,101319,827776,extraction
Peroa Branco,Triggerfish,NA,2017,2,3.95,260820,1030239,extraction
Peroa Branco,Triggerfish,NA,2017,3,2.48,262859,651890,extraction
Peroa Branco,Triggerfish,NA,2017,4,2.48,182740,453195,extraction
Peroa Branco,Triggerfish,NA,2017,5,2.48,105582,261843,extraction
Peroa Branco,Triggerfish,NA,2017,6,2.81,174097,489213,extraction
Peroa Branco,Triggerfish,NA,2017,7,3.36,123886,416257,extraction
Peroa Branco,Triggerfish,NA,2017,8,4.75,151100,717725,extraction
Peroa Branco,Triggerfish,NA,2017,9,4.39,112675,494643,extraction
Peroa Branco,Triggerfish,NA,2017,10,3.12,177340,553301,extraction
Peroa Branco,Triggerfish,NA,2017,11,2.96,219123,648604,extraction
Peroa Branco,Triggerfish,NA,2017,12,3.16,149279,471722,extraction
Pescada,Weakfish,Cynoscion spp.,2016,1,6.82,26243,178977,extraction
Pescada,Weakfish,Cynoscion spp.,2016,2,6.53,9508,62087,extraction
Pescada,Weakfish,Cynoscion spp.,2016,3,8.28,23378,193570,extraction
Pescada,Weakfish,Cynoscion spp.,2016,4,8.39,33731,283003,extraction
Pescada,Weakfish,Cynoscion spp.,2016,5,7.17,36152,259210,extraction
Pescada,Weakfish,Cynoscion spp.,2016,6,6.68,5803,38764,extraction
Pescada,Weakfish,Cynoscion spp.,2016,7,4.69,31258,146600,extraction
Pescada,Weakfish,Cynoscion spp.,2016,8,5.26,37739,198507,extraction
Pescada,Weakfish,Cynoscion spp.,2016,9,6.68,63941,427126,extraction
Pescada,Weakfish,Cynoscion spp.,2016,10,7.53,63217,476024,extraction
Pescada,Weakfish,Cynoscion spp.,2016,11,7.67,30597,234679,extraction
Pescada,Weakfish,Cynoscion spp.,2016,12,6.07,17157,104143,extraction
Pescada,Weakfish,Cynoscion spp.,2017,1,5.88,20810,122363,extraction
Pescada,Weakfish,Cynoscion spp.,2017,2,7.19,45951,330388,extraction
Pescada,Weakfish,Cynoscion spp.,2017,3,7.63,75990,579804,extraction
Pescada,Weakfish,Cynoscion spp.,2017,4,10.01,47989,480370,extraction
Pescada,Weakfish,Cynoscion spp.,2017,5,8.48,37370,316898,extraction
Pescada,Weakfish,Cynoscion spp.,2017,6,8.51,32516,276711,extraction
Pescada,Weakfish,Cynoscion spp.,2017,7,7.47,43825,327373,extraction
Pescada,Weakfish,Cynoscion spp.,2017,8,6.82,17445,118975,extraction
Pescada,Weakfish,Cynoscion spp.,2017,9,7.98,54018,431064,extraction
Pescada,Weakfish,Cynoscion spp.,2017,10,7.79,32695,254694,extraction
Pescada,Weakfish,Cynoscion spp.,2017,11,5.85,20631,120691,extraction
Pescada,Weakfish,Cynoscion spp.,2017,12,4.82,12951,62424,extraction
Pescada Amarela,Acoupa weakfish,NA,2016,1,24.43,31830,777607,extraction
Pescada Amarela,Acoupa weakfish,NA,2016,2,24.44,14018,342600,extraction
Pescada Amarela,Acoupa weakfish,NA,2016,3,26.39,27000,712530,extraction
Pescada Amarela,Acoupa weakfish,NA,2016,4,26.85,39488,1060253,extraction
Pescada Amarela,Acoupa weakfish,NA,2016,5,24.31,16750,407193,extraction
Pescada Amarela,Acoupa weakfish,NA,2016,6,23.85,16274,388135,extraction
Pescada Amarela,Acoupa weakfish,NA,2016,7,22.92,33631,770823,extraction
Pescada Amarela,Acoupa weakfish,NA,2016,8,25.15,8209,206456,extraction
Pescada Amarela,Acoupa weakfish,NA,2016,9,26.73,21893,585200,extraction
Pescada Amarela,Acoupa weakfish,NA,2016,10,25.74,22863,588494,extraction
Pescada Amarela,Acoupa weakfish,NA,2016,11,25.93,32650,846615,extraction
Pescada Amarela,Acoupa weakfish,NA,2016,12,25.68,56533,1451767,extraction
Pescada Amarela,Acoupa weakfish,NA,2017,1,28.08,54401,1527580,extraction
Pescada Amarela,Acoupa weakfish,NA,2017,2,26.84,35635,956443,extraction
Pescada Amarela,Acoupa weakfish,NA,2017,3,28.21,51144,1442772,extraction
Pescada Amarela,Acoupa weakfish,NA,2017,4,30.51,55782,1701909,extraction
Pescada Amarela,Acoupa weakfish,NA,2017,5,27.58,30460,840087,extraction
Pescada Amarela,Acoupa weakfish,NA,2017,6,26.96,27867,751294,extraction
Pescada Amarela,Acoupa weakfish,NA,2017,7,23.92,34341,821437,extraction
Pescada Amarela,Acoupa weakfish,NA,2017,8,23.71,33262,788642,extraction
Pescada Amarela,Acoupa weakfish,NA,2017,9,24.82,33889,841125,extraction
Pescada Amarela,Acoupa weakfish,NA,2017,10,24.85,38182,948823,extraction
Pescada Amarela,Acoupa weakfish,NA,2017,11,25.77,12883,331995,extraction
Pescada Amarela,Acoupa weakfish,NA,2017,12,25.58,36267,927710,extraction
Pescada Cumbucu,Cumbucu weakfish,NA,2016,1,16.43,59,969,extraction
Pescada Cumbucu,Cumbucu weakfish,NA,2016,2,14.77,2048,30249,extraction
Pescada Cumbucu,Cumbucu weakfish,NA,2016,3,18.22,210,3826,extraction
Pescada Cumbucu,Cumbucu weakfish,NA,2016,4,17.3,116,2007,extraction
Pescada Cumbucu,Cumbucu weakfish,NA,2016,5,16.56,2520,41731,extraction
Pescada Cumbucu,Cumbucu weakfish,NA,2016,6,15.67,4073,63824,extraction
Pescada Cumbucu,Cumbucu weakfish,NA,2016,7,14.59,582,8491,extraction
Pescada Cumbucu,Cumbucu weakfish,NA,2016,8,15.6,1765,27534,extraction
Pescada Cumbucu,Cumbucu weakfish,NA,2016,9,16.68,7731,128953,extraction
Pescada Cumbucu,Cumbucu weakfish,NA,2016,10,16.73,15518,259616,extraction
Pescada Cumbucu,Cumbucu weakfish,NA,2016,11,15.47,5840,90345,extraction
Pescada Cumbucu,Cumbucu weakfish,NA,2016,12,15.51,19758,306447,extraction
Pescada Cumbucu,Cumbucu weakfish,NA,2017,1,15.89,14098,224017,extraction
Pescada Cumbucu,Cumbucu weakfish,NA,2017,2,16.11,10331,166432,extraction
Pescada Cumbucu,Cumbucu weakfish,NA,2017,3,17.13,13626,233413,extraction
Pescada Cumbucu,Cumbucu weakfish,NA,2017,4,18.33,6013,110218,extraction
Pescada Cumbucu,Cumbucu weakfish,NA,2017,5,14.54,15594,226737,extraction
Pescada Cumbucu,Cumbucu weakfish,NA,2017,6,16.16,1900,30704,extraction
Pescada Cumbucu,Cumbucu weakfish,NA,2017,7,15.65,11874,185828,extraction
Pescada Cumbucu,Cumbucu weakfish,NA,2017,8,15.54,16209,251888,extraction
Pescada Cumbucu,Cumbucu weakfish,NA,2017,9,16.08,7800,125424,extraction
Pescada Cumbucu,Cumbucu weakfish,NA,2017,10,16.87,23063,389073,extraction
Pescada Cumbucu,Cumbucu weakfish,NA,2017,11,17.31,900,15579,extraction
Pescada Cumbucu,Cumbucu weakfish,NA,2017,12,15.79,17761,280446,extraction
Pescada Goete,Goete weakfish,NA,2016,1,3.25,56448,183456,extraction
Pescada Goete,Goete weakfish,NA,2016,2,3.69,49406,182308,extraction
Pescada Goete,Goete weakfish,NA,2016,3,4.02,85069,341977,extraction
Pescada Goete,Goete weakfish,NA,2016,4,3.79,59233,224493,extraction
Pescada Goete,Goete weakfish,NA,2016,5,3.31,177887,588806,extraction
Pescada Goete,Goete weakfish,NA,2016,6,3.23,141276,456321,extraction
Pescada Goete,Goete weakfish,NA,2016,7,2.65,165314,438082,extraction
Pescada Goete,Goete weakfish,NA,2016,8,2.87,209640,601667,extraction
Pescada Goete,Goete weakfish,NA,2016,9,3.22,122450,394289,extraction
Pescada Goete,Goete weakfish,NA,2016,10,3.93,158283,622052,extraction
Pescada Goete,Goete weakfish,NA,2016,11,3.63,205155,744713,extraction
Pescada Goete,Goete weakfish,NA,2016,12,2.92,113133,330348,extraction
Pescada Goete,Goete weakfish,NA,2017,1,3.36,95076,319455,extraction
Pescada Goete,Goete weakfish,NA,2017,2,3.64,45800,166712,extraction
Pescada Goete,Goete weakfish,NA,2017,3,3.8,78024,296491,extraction
Pescada Goete,Goete weakfish,NA,2017,4,4.13,89904,371304,extraction
Pescada Goete,Goete weakfish,NA,2017,5,3.85,81599,314156,extraction
Pescada Goete,Goete weakfish,NA,2017,6,4.22,98820,417020,extraction
Pescada Goete,Goete weakfish,NA,2017,7,3.7,177600,657120,extraction
Pescada Goete,Goete weakfish,NA,2017,8,3.64,276339,1005874,extraction
Pescada Goete,Goete weakfish,NA,2017,9,4.15,205181,851501,extraction
Pescada Goete,Goete weakfish,NA,2017,10,3.87,212375,821891,extraction
Pescada Goete,Goete weakfish,NA,2017,11,3.76,167388,629379,extraction
Pescada Goete,Goete weakfish,NA,2017,12,2.79,99253,276916,extraction
Pescada Maria Mole,Maria mole weakfish,NA,2016,1,3.81,135503,516266,extraction
Pescada Maria Mole,Maria mole weakfish,NA,2016,2,4.37,150098,655928,extraction
Pescada Maria Mole,Maria mole weakfish,NA,2016,3,4.56,422720,1927603,extraction
Pescada Maria Mole,Maria mole weakfish,NA,2016,4,4.11,248921,1023065,extraction
Pescada Maria Mole,Maria mole weakfish,NA,2016,5,3.79,255593,968697,extraction
Pescada Maria Mole,Maria mole weakfish,NA,2016,6,3.58,248040,887983,extraction
Pescada Maria Mole,Maria mole weakfish,NA,2016,7,3.03,207848,629779,extraction
Pescada Maria Mole,Maria mole weakfish,NA,2016,8,3.41,243860,831563,extraction
Pescada Maria Mole,Maria mole weakfish,NA,2016,9,3.7,236420,874754,extraction
Pescada Maria Mole,Maria mole weakfish,NA,2016,10,3.79,272300,1032017,extraction
Pescada Maria Mole,Maria mole weakfish,NA,2016,11,3.81,212710,810425,extraction
Pescada Maria Mole,Maria mole weakfish,NA,2016,12,3.4,256523,872178,extraction
Pescada Maria Mole,Maria mole weakfish,NA,2017,1,4.31,89840,387210,extraction
Pescada Maria Mole,Maria mole weakfish,NA,2017,2,4.21,175990,740918,extraction
Pescada Maria Mole,Maria mole weakfish,NA,2017,3,4.1,263080,1078628,extraction
Pescada Maria Mole,Maria mole weakfish,NA,2017,4,4.6,264240,1215504,extraction
Pescada Maria Mole,Maria mole weakfish,NA,2017,5,4.14,199220,824771,extraction
Pescada Maria Mole,Maria mole weakfish,NA,2017,6,4.48,183393,821601,extraction
Pescada Maria Mole,Maria mole weakfish,NA,2017,7,3.66,157580,576743,extraction
Pescada Maria Mole,Maria mole weakfish,NA,2017,8,3.88,178180,691338,extraction
Pescada Maria Mole,Maria mole weakfish,NA,2017,9,4.27,225200,961604,extraction
Pescada Maria Mole,Maria mole weakfish,NA,2017,10,4.31,164591,709387,extraction
Pescada Maria Mole,Maria mole weakfish,NA,2017,11,4.21,157400,662654,extraction
Pescada Maria Mole,Maria mole weakfish,NA,2017,12,3.85,67300,259105,extraction
Pescada Tortinha,Tortinha weakfish,NA,2016,1,2.8,260,728,extraction
Pescada Tortinha,Tortinha weakfish,NA,2016,2,2.94,20,59,extraction
Pescada Tortinha,Tortinha weakfish,NA,2016,3,3.46,2220,7681,extraction
Pescada Tortinha,Tortinha weakfish,NA,2016,4,3.31,9680,32041,extraction
Pescada Tortinha,Tortinha weakfish,NA,2016,6,2.75,33000,90750,extraction
Pescada Tortinha,Tortinha weakfish,NA,2016,7,2.14,34280,73359,extraction
Pescada Tortinha,Tortinha weakfish,NA,2016,8,2.38,71100,169218,extraction
Pescada Tortinha,Tortinha weakfish,NA,2016,9,2.98,59960,178681,extraction
Pescada Tortinha,Tortinha weakfish,NA,2016,10,3.46,10000,34600,extraction
Pescada Tortinha,Tortinha weakfish,NA,2016,11,3.28,600,1968,extraction
Pescada Tortinha,Tortinha weakfish,NA,2016,12,2.77,22460,62214,extraction
Pescada Tortinha,Tortinha weakfish,NA,2017,1,2.8,400,1120,extraction
Pescada Tortinha,Tortinha weakfish,NA,2017,2,3.07,7400,22718,extraction
Pescada Tortinha,Tortinha weakfish,NA,2017,3,2.89,11040,31906,extraction
Pescada Tortinha,Tortinha weakfish,NA,2017,4,3.91,8908,34830,extraction
Pescada Tortinha,Tortinha weakfish,NA,2017,5,3.23,2260,7300,extraction
Pescada Tortinha,Tortinha weakfish,NA,2017,6,3.44,4340,14930,extraction
Pescada Tortinha,Tortinha weakfish,NA,2017,7,3.19,4000,12760,extraction
Pescada Tortinha,Tortinha weakfish,NA,2017,8,3.12,10320,32198,extraction
Pescada Tortinha,Tortinha weakfish,NA,2017,9,3.38,20,68,extraction
Pescada Tortinha,Tortinha weakfish,NA,2017,10,3.46,5000,17300,extraction
Pescada Tortinha,Tortinha weakfish,NA,2017,11,2.88,18040,51955,extraction
Pintado,Catfish,NA,2016,1,11.04,17817,196700,extraction
Pintado,Catfish,NA,2016,2,10.72,19771,211945,extraction
Pintado,Catfish,NA,2016,3,11,55580,611380,extraction
Pintado,Catfish,NA,2016,4,10.61,17830,189176,extraction
Pintado,Catfish,NA,2016,5,10.62,23560,250207,extraction
Pintado,Catfish,NA,2016,6,10.13,11338,114854,extraction
Pintado,Catfish,NA,2016,7,9.79,19270,188653,extraction
Pintado,Catfish,NA,2016,8,9.76,24123,235440,extraction
Pintado,Catfish,NA,2016,9,10.32,27820,287102,extraction
Pintado,Catfish,NA,2016,10,10.45,18410,192385,extraction
Pintado,Catfish,NA,2016,11,10.06,32876,330733,extraction
Pintado,Catfish,NA,2016,12,9.53,29940,285328,extraction
Pintado,Catfish,NA,2017,1,11.13,20051,223168,extraction
Pintado,Catfish,NA,2017,2,10.96,17860,195746,extraction
Pintado,Catfish,NA,2017,3,11.67,41900,488973,extraction
Pintado,Catfish,NA,2017,4,12.95,68218,883423,extraction
Pintado,Catfish,NA,2017,5,12.07,15400,185878,extraction
Pintado,Catfish,NA,2017,6,12.28,25464,312698,extraction
Pintado,Catfish,NA,2017,7,12.32,16900,208208,extraction
Pintado,Catfish,NA,2017,8,12.14,15120,183557,extraction
Pintado,Catfish,NA,2017,9,12.15,27568,334951,extraction
Pintado,Catfish,NA,2017,10,12.7,22972,291744,extraction
Pintado,Catfish,NA,2017,11,12.73,13325,169627,extraction
Pintado,Catfish,NA,2017,12,12.56,13310,167174,extraction
Polvo,Octopus,Octopus spp.,2016,1,17.82,9410,167686,extraction
Polvo,Octopus,Octopus spp.,2016,2,16.93,10386,175835,extraction
Polvo,Octopus,Octopus spp.,2016,3,19.38,10499,203471,extraction
Polvo,Octopus,Octopus spp.,2016,4,16.85,11255,189647,extraction
Polvo,Octopus,Octopus spp.,2016,5,18.79,15077,283297,extraction
Polvo,Octopus,Octopus spp.,2016,6,13.83,17983,248705,extraction
Polvo,Octopus,Octopus spp.,2016,7,14.08,10600,149248,extraction
Polvo,Octopus,Octopus spp.,2016,8,16.75,14321,239877,extraction
Polvo,Octopus,Octopus spp.,2016,9,16.3,13388,218224,extraction
Polvo,Octopus,Octopus spp.,2016,10,17.24,15044,259359,extraction
Polvo,Octopus,Octopus spp.,2016,11,18.8,13565,255022,extraction
Polvo,Octopus,Octopus spp.,2016,12,21.14,9944,210216,extraction
Polvo,Octopus,Octopus spp.,2017,1,26.42,7889,208427,extraction
Polvo,Octopus,Octopus spp.,2017,2,29.71,5336,158533,extraction
Polvo,Octopus,Octopus spp.,2017,3,33.33,13312,443689,extraction
Polvo,Octopus,Octopus spp.,2017,4,33.38,5605,187095,extraction
Polvo,Octopus,Octopus spp.,2017,5,37.4,4939,184719,extraction
Polvo,Octopus,Octopus spp.,2017,6,32.74,8896,291255,extraction
Polvo,Octopus,Octopus spp.,2017,7,31.17,6098,190075,extraction
Polvo,Octopus,Octopus spp.,2017,8,36.71,6342,232815,extraction
Polvo,Octopus,Octopus spp.,2017,9,40.97,3788,155194,extraction
Polvo,Octopus,Octopus spp.,2017,10,37.23,8881,330640,extraction
Polvo,Octopus,Octopus spp.,2017,11,47.48,11379,540275,extraction
Polvo,Octopus,Octopus spp.,2017,12,43.25,6140,265555,extraction
Robalo,Snook,Centropomus spp.,2016,1,36.15,15332,554252,extraction
Robalo,Snook,Centropomus spp.,2016,2,28.47,13155,374523,extraction
Robalo,Snook,Centropomus spp.,2016,3,32.74,12771,418123,extraction
Robalo,Snook,Centropomus spp.,2016,4,34.52,16631,574102,extraction
Robalo,Snook,Centropomus spp.,2016,5,28.28,13382,378443,extraction
Robalo,Snook,Centropomus spp.,2016,6,27.83,16811,467850,extraction
Robalo,Snook,Centropomus spp.,2016,7,29.7,11682,346955,extraction
Robalo,Snook,Centropomus spp.,2016,8,34.04,11456,389962,extraction
Robalo,Snook,Centropomus spp.,2016,9,36.82,11546,425124,extraction
Robalo,Snook,Centropomus spp.,2016,10,38.86,13203,513069,extraction
Robalo,Snook,Centropomus spp.,2016,11,33.28,17107,569321,extraction
Robalo,Snook,Centropomus spp.,2016,12,32.67,13051,426376,extraction
Robalo,Snook,Centropomus spp.,2017,1,34.5,15463,533474,extraction
Robalo,Snook,Centropomus spp.,2017,2,29.17,15522,452777,extraction
Robalo,Snook,Centropomus spp.,2017,3,28.67,20502,587792,extraction
Robalo,Snook,Centropomus spp.,2017,4,32.43,10184,330267,extraction
Robalo,Snook,Centropomus spp.,2017,5,30.44,20538,625177,extraction
Robalo,Snook,Centropomus spp.,2017,6,29.29,16163,473414,extraction
Robalo,Snook,Centropomus spp.,2017,7,32.64,7016,229002,extraction
Robalo,Snook,Centropomus spp.,2017,8,34.49,7329,252777,extraction
Robalo,Snook,Centropomus spp.,2017,9,36.11,6445,232729,extraction
Robalo,Snook,Centropomus spp.,2017,10,36.51,15508,566197,extraction
Robalo,Snook,Centropomus spp.,2017,11,33.64,13335,448589,extraction
Robalo,Snook,Centropomus spp.,2017,12,34.37,12356,424676,extraction
Salmão,Salmon,NA,2016,1,23.89,185742,4437376,aquaculture
Salmão,Salmon,NA,2016,2,26.12,227478,5941725,aquaculture
Salmão,Salmon,NA,2016,3,28.06,186910,5244695,aquaculture
Salmão,Salmon,NA,2016,4,38.75,176481,6838639,aquaculture
Salmão,Salmon,NA,2016,5,37.04,152235,5638784,aquaculture
Salmão,Salmon,NA,2016,6,35.15,164433,5779820,aquaculture
Salmão,Salmon,NA,2016,7,29.88,144130,4306604,aquaculture
Salmão,Salmon,NA,2016,8,30.61,181250,5548063,aquaculture
Salmão,Salmon,NA,2016,9,30.12,177695,5352173,aquaculture
Salmão,Salmon,NA,2016,10,29.77,165335,4922023,aquaculture
Salmão,Salmon,NA,2016,11,30.37,141456,4296019,aquaculture
Salmão,Salmon,NA,2016,12,31.37,171558,5381774,aquaculture
Salmão,Salmon,NA,2017,1,33.83,128718,4354530,aquaculture
Salmão,Salmon,NA,2017,2,33.82,132931,4495726,aquaculture
Salmão,Salmon,NA,2017,3,34.1,215703,7355472,aquaculture
Salmão,Salmon,NA,2017,4,34.24,148153,5072759,aquaculture
Salmão,Salmon,NA,2017,5,33.44,219467,7338976,aquaculture
Salmão,Salmon,NA,2017,6,33.24,169471,5633216,aquaculture
Salmão,Salmon,NA,2017,7,32.6,181764,5925506,aquaculture
Salmão,Salmon,NA,2017,8,28.94,232804,6737348,aquaculture
Salmão,Salmon,NA,2017,9,28.63,238535,6829257,aquaculture
Salmão,Salmon,NA,2017,10,28.41,274464,7797522,aquaculture
Salmão,Salmon,NA,2017,11,28.06,294188,8254915,aquaculture
Salmão,Salmon,NA,2017,12,26.23,213018,5587462,aquaculture
Sardinha Congelada,Sardine,NA,2016,1,5.07,258590,1311051,extraction
Sardinha Congelada,Sardine,NA,2016,2,5.31,90135,478617,extraction
Sardinha Congelada,Sardine,NA,2016,3,5.31,3020,16036,extraction
Sardinha Congelada,Sardine,NA,2016,6,4.74,85057,403170,extraction
Sardinha Congelada,Sardine,NA,2016,7,4.24,257659,1092474,extraction
Sardinha Congelada,Sardine,NA,2016,9,4.24,1000,4240,extraction
Sardinha Congelada,Sardine,NA,2016,10,4.24,37865,160548,extraction
Sardinha Congelada,Sardine,NA,2016,11,6.79,231348,1570853,extraction
Sardinha Congelada,Sardine,NA,2016,12,6.4,131620,842368,extraction
Sardinha Congelada,Sardine,NA,2017,1,7.01,155579,1090609,extraction
Sardinha Congelada,Sardine,NA,2017,2,6.49,7350,47702,extraction
Sardinha Congelada,Sardine,NA,2017,3,6.49,7220,46858,extraction
Sardinha Congelada,Sardine,NA,2017,4,6.49,7040,45690,extraction
Sardinha Congelada,Sardine,NA,2017,5,6.49,60,389,extraction
Sardinha Congelada,Sardine,NA,2017,6,5.92,67667,400589,extraction
Sardinha Congelada,Sardine,NA,2017,7,5.5,214021,1177116,extraction
Sardinha Congelada,Sardine,NA,2017,8,5.5,50008,275044,extraction
Sardinha Congelada,Sardine,NA,2017,9,5.5,11660,64130,extraction
Sardinha Congelada,Sardine,NA,2017,10,5,47005,235025,extraction
Sardinha Congelada,Sardine,NA,2017,11,6.7,157175,1053073,extraction
Sardinha Congelada,Sardine,NA,2017,12,6.73,189935,1278263,extraction
Sardinha Fresca,Sardine,NA,2016,1,3.54,47230,167194,extraction
Sardinha Fresca,Sardine,NA,2016,2,3.54,449768,1592179,extraction
Sardinha Fresca,Sardine,NA,2016,3,3.84,1203520,4621517,extraction
Sardinha Fresca,Sardine,NA,2016,4,2.89,1043000,3014270,extraction
Sardinha Fresca,Sardine,NA,2016,5,2.54,1121738,2849215,extraction
Sardinha Fresca,Sardine,NA,2016,6,3.68,670105,2465986,extraction
Sardinha Fresca,Sardine,NA,2016,7,3.93,52560,206561,extraction
Sardinha Fresca,Sardine,NA,2016,8,2.8,1087375,3044650,extraction
Sardinha Fresca,Sardine,NA,2016,9,3.21,789765,2535146,extraction
Sardinha Fresca,Sardine,NA,2016,10,4.24,407693,1728618,extraction
Sardinha Fresca,Sardine,NA,2016,11,4.24,37357,158394,extraction
Sardinha Fresca,Sardine,NA,2016,12,4.24,50000,212000,extraction
Sardinha Fresca,Sardine,NA,2017,1,4.24,75232,318984,extraction
Sardinha Fresca,Sardine,NA,2017,2,4.31,286904,1236556,extraction
Sardinha Fresca,Sardine,NA,2017,3,5.09,682825,3475579,extraction
Sardinha Fresca,Sardine,NA,2017,4,6.96,302378,2104551,extraction
Sardinha Fresca,Sardine,NA,2017,5,4.57,473250,2162753,extraction
Sardinha Fresca,Sardine,NA,2017,6,5.38,283606,1525800,extraction
Sardinha Fresca,Sardine,NA,2017,7,5.38,33955,182678,extraction
Sardinha Fresca,Sardine,NA,2017,8,3.53,549013,1938016,extraction
Sardinha Fresca,Sardine,NA,2017,9,4.33,410140,1775906,extraction
Sardinha Fresca,Sardine,NA,2017,10,4.47,402900,1800963,extraction
Sardinha Fresca,Sardine,NA,2017,11,4.47,7408,33114,extraction
Sardinha Fresca,Sardine,NA,2017,12,4.47,12080,53998,extraction
Sardinha Lages,Sardine,NA,2016,1,2.45,54520,133574,extraction
Sardinha Lages,Sardine,NA,2016,2,2.45,88600,217070,extraction
Sardinha Lages,Sardine,NA,2016,3,2.45,121060,296597,extraction
Sardinha Lages,Sardine,NA,2016,4,2.45,96553,236555,extraction
Sardinha Lages,Sardine,NA,2016,5,2.45,101200,247940,extraction
Sardinha Lages,Sardine,NA,2016,6,2.45,233290,571561,extraction
Sardinha Lages,Sardine,NA,2016,7,2.45,238778,585006,extraction
Sardinha Lages,Sardine,NA,2016,8,2.45,208420,510629,extraction
Sardinha Lages,Sardine,NA,2016,9,2.45,222480,545076,extraction
Sardinha Lages,Sardine,NA,2016,10,2.45,155176,380181,extraction
Sardinha Lages,Sardine,NA,2016,11,2.45,103580,253771,extraction
Sardinha Lages,Sardine,NA,2016,12,2.45,25032,61328,extraction
Sardinha Lages,Sardine,NA,2017,1,2.45,69270,169712,extraction
Sardinha Lages,Sardine,NA,2017,2,2.45,86678,212361,extraction
Sardinha Lages,Sardine,NA,2017,3,2.45,156767,384079,extraction
Sardinha Lages,Sardine,NA,2017,4,2.45,134450,329403,extraction
Sardinha Lages,Sardine,NA,2017,5,2.45,188304,461345,extraction
Sardinha Lages,Sardine,NA,2017,6,2.45,166449,407800,extraction
Sardinha Lages,Sardine,NA,2017,7,2.45,177360,434532,extraction
Sardinha Lages,Sardine,NA,2017,8,2.45,193075,473034,extraction
Sardinha Lages,Sardine,NA,2017,9,2.45,113420,277879,extraction
Sardinha Lages,Sardine,NA,2017,10,2.45,80380,196931,extraction
Sardinha Lages,Sardine,NA,2017,11,2.45,136759,335060,extraction
Sardinha Lages,Sardine,NA,2017,12,2.45,118381,290033,extraction
Savelha,Twaite shad,Brevoortia spp.,2016,2,1.27,1000,1270,extraction
Savelha,Twaite shad,Brevoortia spp.,2016,3,1.27,3700,4699,extraction
Savelha,Twaite shad,Brevoortia spp.,2016,5,1.27,7680,9754,extraction
Savelha,Twaite shad,Brevoortia spp.,2016,7,1.27,10600,13462,extraction
Savelha,Twaite shad,Brevoortia spp.,2016,8,1.27,29440,37389,extraction
Savelha,Twaite shad,Brevoortia spp.,2016,9,1.27,1600,2032,extraction
Savelha,Twaite shad,Brevoortia spp.,2016,11,1.27,31110,39510,extraction
Savelha,Twaite shad,Brevoortia spp.,2016,12,1.27,31568,40091,extraction
Savelha,Twaite shad,Brevoortia spp.,2017,1,1.27,17820,22631,extraction
Savelha,Twaite shad,Brevoortia spp.,2017,2,1.27,32060,40716,extraction
Savelha,Twaite shad,Brevoortia spp.,2017,3,1.27,13000,16510,extraction
Savelha,Twaite shad,Brevoortia spp.,2017,4,1.27,40,51,extraction
Savelha,Twaite shad,Brevoortia spp.,2017,6,1.27,12300,15621,extraction
Savelha,Twaite shad,Brevoortia spp.,2017,7,1.27,5360,6807,extraction
Savelha,Twaite shad,Brevoortia spp.,2017,8,1.27,600,762,extraction
Savelha,Twaite shad,Brevoortia spp.,2017,9,1.27,5700,7239,extraction
Savelha,Twaite shad,Brevoortia spp.,2017,11,1.27,20000,25400,extraction
Savelha,Twaite shad,Brevoortia spp.,2017,12,1.27,19800,25146,extraction
Serra,Atlantic spanish mackerel,Scomberomorus maculatus,2016,2,3.85,1456,5606,extraction
Serra,Atlantic spanish mackerel,Scomberomorus maculatus,2016,3,3.85,320,1232,extraction
Serra,Atlantic spanish mackerel,Scomberomorus maculatus,2016,6,3.85,4790,18442,extraction
Serra,Atlantic spanish mackerel,Scomberomorus maculatus,2016,7,3.85,12290,47317,extraction
Serra,Atlantic spanish mackerel,Scomberomorus maculatus,2016,8,3.85,17077,65746,extraction
Serra,Atlantic spanish mackerel,Scomberomorus maculatus,2016,9,3.85,13770,53015,extraction
Serra,Atlantic spanish mackerel,Scomberomorus maculatus,2016,10,3.85,18500,71225,extraction
Serra,Atlantic spanish mackerel,Scomberomorus maculatus,2016,11,3.85,1060,4081,extraction
Serra,Atlantic spanish mackerel,Scomberomorus maculatus,2017,1,3.85,1230,4736,extraction
Serra,Atlantic spanish mackerel,Scomberomorus maculatus,2017,5,3.85,20,77,extraction
Serra,Atlantic spanish mackerel,Scomberomorus maculatus,2017,6,3.5,10978,38423,extraction
Serra,Atlantic spanish mackerel,Scomberomorus maculatus,2017,7,5.29,2100,11109,extraction
Serra,Atlantic spanish mackerel,Scomberomorus maculatus,2017,8,5.29,7700,40733,extraction
Serra,Atlantic spanish mackerel,Scomberomorus maculatus,2017,11,5.29,300,1587,extraction
Serra,Atlantic spanish mackerel,Scomberomorus maculatus,2017,12,7.5,260,1950,extraction
Siri,Siri,Callinectes spp.,2016,2,18.42,373,6871,extraction
Siri,Siri,Callinectes spp.,2016,4,18.42,350,6447,extraction
Siri,Siri,Callinectes spp.,2016,5,18.42,30,553,extraction
Siri,Siri,Callinectes spp.,2016,6,18.42,440,8105,extraction
Siri,Siri,Callinectes spp.,2016,7,18.42,345,6355,extraction
Siri,Siri,Callinectes spp.,2016,8,18.42,224,4126,extraction
Siri,Siri,Callinectes spp.,2016,9,18.42,10,184,extraction
Siri,Siri,Callinectes spp.,2016,10,18.42,100,1842,extraction
Siri,Siri,Callinectes spp.,2016,11,18.42,432,7957,extraction
Siri,Siri,Callinectes spp.,2016,12,18.42,519,9560,extraction
Siri,Siri,Callinectes spp.,2017,1,18.42,1190,21920,extraction
Siri,Siri,Callinectes spp.,2017,2,18.42,544,10020,extraction
Siri,Siri,Callinectes spp.,2017,3,18.42,610,11236,extraction
Siri,Siri,Callinectes spp.,2017,4,18.42,52,958,extraction
Siri,Siri,Callinectes spp.,2017,5,18.42,1693,31185,extraction
Siri,Siri,Callinectes spp.,2017,6,7.94,1147,9107,extraction
Siri,Siri,Callinectes spp.,2017,7,6.06,670,4060,extraction
Siri,Siri,Callinectes spp.,2017,8,6.06,260,1576,extraction
Siri,Siri,Callinectes spp.,2017,9,6.06,590,3575,extraction
Siri,Siri,Callinectes spp.,2017,10,6.06,1745,10575,extraction
Siri,Siri,Callinectes spp.,2017,11,6.06,108,654,extraction
Siri,Siri,Callinectes spp.,2017,12,6.06,292,1770,extraction
Sororoca,Sororoca,Scomberomorus,2016,1,10.5,9460,99330,extraction
Sororoca,Sororoca,Scomberomorus,2016,2,9.75,7733,75397,extraction
Sororoca,Sororoca,Scomberomorus,2016,3,9.47,4597,43534,extraction
Sororoca,Sororoca,Scomberomorus,2016,4,9.97,2290,22831,extraction
Sororoca,Sororoca,Scomberomorus,2016,5,10.27,4110,42210,extraction
Sororoca,Sororoca,Scomberomorus,2016,6,6.29,7865,49471,extraction
Sororoca,Sororoca,Scomberomorus,2016,7,6.12,19870,121604,extraction
Sororoca,Sororoca,Scomberomorus,2016,8,8.02,12493,100194,extraction
Sororoca,Sororoca,Scomberomorus,2016,9,9.87,2294,22642,extraction
Sororoca,Sororoca,Scomberomorus,2016,10,11.83,5536,65491,extraction
Sororoca,Sororoca,Scomberomorus,2016,11,9.84,20291,199663,extraction
Sororoca,Sororoca,Scomberomorus,2016,12,10.13,13090,132602,extraction
Sororoca,Sororoca,Scomberomorus,2017,1,8.75,21780,190575,extraction
Sororoca,Sororoca,Scomberomorus,2017,2,10.14,43060,436628,extraction
Sororoca,Sororoca,Scomberomorus,2017,3,10.25,44152,452558,extraction
Sororoca,Sororoca,Scomberomorus,2017,4,12,27707,332484,extraction
Sororoca,Sororoca,Scomberomorus,2017,5,11.39,23481,267449,extraction
Sororoca,Sororoca,Scomberomorus,2017,6,13.08,26657,348674,extraction
Sororoca,Sororoca,Scomberomorus,2017,7,9.14,8788,80322,extraction
Sororoca,Sororoca,Scomberomorus,2017,8,10.09,4900,49441,extraction
Sororoca,Sororoca,Scomberomorus,2017,9,11.17,1540,17202,extraction
Sororoca,Sororoca,Scomberomorus,2017,10,11,3479,38269,extraction
Sororoca,Sororoca,Scomberomorus,2017,11,11,2994,32934,extraction
Sororoca,Sororoca,Scomberomorus,2017,12,9.53,6268,59734,extraction
Tainha,Mullet,Mugil spp.,2016,1,7.84,62964,493638,extraction
Tainha,Mullet,Mugil spp.,2016,2,6.81,79319,540162,extraction
Tainha,Mullet,Mugil spp.,2016,3,7.42,171380,1271640,extraction
Tainha,Mullet,Mugil spp.,2016,4,5.73,55496,317992,extraction
Tainha,Mullet,Mugil spp.,2016,5,4.57,103515,473064,extraction
Tainha,Mullet,Mugil spp.,2016,6,4.49,130768,587148,extraction
Tainha,Mullet,Mugil spp.,2016,7,3.9,232728,907639,extraction
Tainha,Mullet,Mugil spp.,2016,8,4.69,164260,770379,extraction
Tainha,Mullet,Mugil spp.,2016,9,4.86,89030,432686,extraction
Tainha,Mullet,Mugil spp.,2016,10,5.29,48838,258353,extraction
Tainha,Mullet,Mugil spp.,2016,11,5.73,47123,270015,extraction
Tainha,Mullet,Mugil spp.,2016,12,6.83,49097,335333,extraction
Tainha,Mullet,Mugil spp.,2017,1,6.47,45402,293751,extraction
Tainha,Mullet,Mugil spp.,2017,2,9.44,42090,397330,extraction
Tainha,Mullet,Mugil spp.,2017,3,9.13,83210,759707,extraction
Tainha,Mullet,Mugil spp.,2017,4,8.33,134030,1116470,extraction
Tainha,Mullet,Mugil spp.,2017,5,6.85,42755,292872,extraction
Tainha,Mullet,Mugil spp.,2017,6,5.52,135603,748529,extraction
Tainha,Mullet,Mugil spp.,2017,7,5.97,61966,369937,extraction
Tainha,Mullet,Mugil spp.,2017,8,6.64,39643,263230,extraction
Tainha,Mullet,Mugil spp.,2017,9,7.2,31432,226310,extraction
Tainha,Mullet,Mugil spp.,2017,10,7.4,19555,144707,extraction
Tainha,Mullet,Mugil spp.,2017,11,8.21,20743,170300,extraction
Tainha,Mullet,Mugil spp.,2017,12,8.85,14734,130396,extraction
Tilapia,Tilapia,NA,2016,1,5.38,345132,1856810,aquaculture
Tilapia,Tilapia,NA,2016,2,5.47,338620,1852251,aquaculture
Tilapia,Tilapia,NA,2016,3,6.03,564559,3404291,aquaculture
Tilapia,Tilapia,NA,2016,4,5.8,334917,1942519,aquaculture
Tilapia,Tilapia,NA,2016,5,5.61,345013,1935523,aquaculture
Tilapia,Tilapia,NA,2016,6,6.03,300280,1810688,aquaculture
Tilapia,Tilapia,NA,2016,7,5.8,368751,2138756,aquaculture
Tilapia,Tilapia,NA,2016,8,5.76,402045,2315779,aquaculture
Tilapia,Tilapia,NA,2016,9,5.74,350152,2009872,aquaculture
Tilapia,Tilapia,NA,2016,10,5.77,314279,1813390,aquaculture
Tilapia,Tilapia,NA,2016,11,5.78,391327,2261870,aquaculture
Tilapia,Tilapia,NA,2016,12,5.94,343565,2040776,aquaculture
Tilapia,Tilapia,NA,2017,1,6.06,311802,1889520,aquaculture
Tilapia,Tilapia,NA,2017,2,6.54,341401,2232763,aquaculture
Tilapia,Tilapia,NA,2017,3,6.64,518344,3441804,aquaculture
Tilapia,Tilapia,NA,2017,4,7.04,512417,3607416,aquaculture
Tilapia,Tilapia,NA,2017,5,6.37,365420,2327725,aquaculture
Tilapia,Tilapia,NA,2017,6,6.66,372203,2478872,aquaculture
Tilapia,Tilapia,NA,2017,7,6.55,300050,1965328,aquaculture
Tilapia,Tilapia,NA,2017,8,6.27,331335,2077470,aquaculture
Tilapia,Tilapia,NA,2017,9,6.28,310658,1950932,aquaculture
Tilapia,Tilapia,NA,2017,10,6.3,343808,2165990,aquaculture
Tilapia,Tilapia,NA,2017,11,6.27,285780,1791841,aquaculture
Tilapia,Tilapia,NA,2017,12,6.28,244030,1532508,aquaculture
Traira,Traira,NA,2016,1,9.15,3520,32208,extraction
Traira,Traira,NA,2016,2,9.15,31880,291702,extraction
Traira,Traira,NA,2016,3,9.15,42460,388509,extraction
Traira,Traira,NA,2016,4,7.21,43322,312352,extraction
Traira,Traira,NA,2016,5,7.22,32749,236448,extraction
Traira,Traira,NA,2016,6,7.23,22613,163492,extraction
Traira,Traira,NA,2016,7,7.19,23641,169979,extraction
Traira,Traira,NA,2016,8,7.33,33110,242696,extraction
Traira,Traira,NA,2016,9,7.35,41075,301901,extraction
Traira,Traira,NA,2016,10,6.67,42990,286743,extraction
Traira,Traira,NA,2016,11,6.67,9234,61591,extraction
Traira,Traira,NA,2016,12,5,1980,9900,extraction
Traira,Traira,NA,2017,1,5,1000,5000,extraction
Traira,Traira,NA,2017,2,5,12200,61000,extraction
Traira,Traira,NA,2017,3,5,13280,66400,extraction
Traira,Traira,NA,2017,4,9.13,18800,171644,extraction
Traira,Traira,NA,2017,5,9.29,24081,223712,extraction
Traira,Traira,NA,2017,6,7.96,21074,167749,extraction
Traira,Traira,NA,2017,7,7.27,8921,64856,extraction
Traira,Traira,NA,2017,8,8.5,20284,172414,extraction
Traira,Traira,NA,2017,9,8.41,30900,259869,extraction
Traira,Traira,NA,2017,10,8.86,12964,114861,extraction
Traira,Traira,NA,2017,11,8.86,1370,12138,extraction
Traira,Traira,NA,2017,12,8.86,1900,16834,extraction
Truta,Truta,NA,2016,1,15.78,4680,73850,aquaculture
Truta,Truta,NA,2016,2,16.86,7440,125438,aquaculture
Truta,Truta,NA,2016,3,16.82,10200,171564,aquaculture
Truta,Truta,NA,2016,4,19.52,5355,104530,aquaculture
Truta,Truta,NA,2016,5,17.5,3560,62300,aquaculture
Truta,Truta,NA,2016,6,17.46,4608,80456,aquaculture
Truta,Truta,NA,2016,7,17.37,3177,55184,aquaculture
Truta,Truta,NA,2016,8,17.98,4774,85837,aquaculture
Truta,Truta,NA,2016,9,18.2,4220,76804,aquaculture
Truta,Truta,NA,2016,10,18.35,4371,80208,aquaculture
Truta,Truta,NA,2016,11,18.17,6766,122938,aquaculture
Truta,Truta,NA,2016,12,17.87,4592,82059,aquaculture
Truta,Truta,NA,2017,1,18.9,5095,96296,aquaculture
Truta,Truta,NA,2017,2,19.09,4247,81075,aquaculture
Truta,Truta,NA,2017,3,20.05,6385,128019,aquaculture
Truta,Truta,NA,2017,4,21.85,3590,78442,aquaculture
Truta,Truta,NA,2017,5,22.17,1450,32147,aquaculture
Truta,Truta,NA,2017,6,22.17,906,20086,aquaculture
Truta,Truta,NA,2017,7,20.18,2500,50450,aquaculture
Truta,Truta,NA,2017,8,21.14,4720,99781,aquaculture
Truta,Truta,NA,2017,9,20.55,4446,91365,aquaculture
Truta,Truta,NA,2017,10,21,5408,113568,aquaculture
Truta,Truta,NA,2017,11,20.67,4860,100456,aquaculture
Truta,Truta,NA,2017,12,19.38,4430,85853,aquaculture
Tucunare,Tucunare,NA,2016,1,11,50,550,extraction
Tucunare,Tucunare,NA,2016,2,11,200,2200,extraction
Tucunare,Tucunare,NA,2016,3,11,1620,17820,extraction
Tucunare,Tucunare,NA,2016,4,11,281,3091,extraction
Tucunare,Tucunare,NA,2016,5,11,1314,14454,extraction
Tucunare,Tucunare,NA,2016,6,11,440,4840,extraction
Tucunare,Tucunare,NA,2016,7,11,420,4620,extraction
Tucunare,Tucunare,NA,2016,8,11,160,1760,extraction
Tucunare,Tucunare,NA,2016,9,11,580,6380,extraction
Tucunare,Tucunare,NA,2016,10,11,900,9900,extraction
Tucunare,Tucunare,NA,2016,12,11,100,1100,extraction
Tucunare,Tucunare,NA,2017,1,11,200,2200,extraction
Tucunare,Tucunare,NA,2017,5,11,120,1320,extraction
Tucunare,Tucunare,NA,2017,6,11,180,1980,extraction
Tucunare,Tucunare,NA,2017,7,10,300,3000,extraction
Tucunare,Tucunare,NA,2017,8,10,340,3400,extraction
Tucunare,Tucunare,NA,2017,9,10,660,6600,extraction
Tucunare,Tucunare,NA,2017,10,10,20,200,extraction
Tucunare,Tucunare,NA,2017,11,10,1000,10000,extraction
