"species","year","tons","sc_name","en_name","group","en_group"
"ACHA","2013",NA,"Medialuna ancietae","Sea Chab","pescado_otros","Fish"
"AGUJILLA","2013",8094,"Scomberesox saurus scombroides","King gar","pescado_otros","Fish"
"ALBACORA","2013",4852,"Xiphias gladius","Swordfish","atunes","Tuna"
"ALFONSINO","2013",NA,"Beryx splendens","Splendid alfonsino","pescado_otros","fish"
"ANCHOVETA","2013",803404,"Engraulis ringens","Anchoveta","pescado_otros","Fish"
"ANCHOVETA BLANCA","2013",NA,"Anchoa nasus","Longnose anchovy","pescado_otros","Fish"
"ANGUILA","2013",142,"Ophichthus spp.","eel","anguila","Eel"
"APANADO","2013",12,"Hemilutjanus macrophthalmos","Grape-eye seabass","pescado_otros","Fish"
"ATUN ALETA AMARILLA","2013",4,"Thunnus albacares","Yellowfin tuna","atunes","Tuna"
"ATUN ALETA LARGA","2013",1,"Thunnus alalunga","Albacore","atunes","Tuna"
"ATUN OJOS GRANDES","2013",1,"Thunnus obesus","Bigeye tuna","atunes","Tuna"
"AYANQUE","2013",1,"Cynoscion analis","Peruvian weakfish","pescado_otros","Fish"
"AZULEJO","2013",230,"Prionace glauca","Blue shark","tiburon","Shark"
"BACALADILLO O MOTE","2013",55045,"Normanichthys crockeri","Mote sculpin","pescado_otros","Fish"
"BACALAO DE J. FERNANDEZ","2013",NA,"Polyprion oxygeneios","Hapuku wreckfish","pescado_otros","Fish"
"BACALAO DE PROFUNDIDAD","2013",4090,"Dissostichus eleginoides","Patagonian toothfish","pescado_otros","Fish"
"BESUGO","2013",24,"Epigonus crassicaudus","BESUGO","pescado_otros","Fish"
"BLANQUILLO","2013",61,"Prolatilus jugularis","Pacific sandperch","pescado_otros","Fish"
"BONITO","2013",19,"Sarda chiliensis","Eastern Pacific bonito","bonito","Bonito"
"BRECA O BILAGAY","2013",104,"Cheilodactylus variegatus","Peruvian morwong","pescado_otros","Fish"
"BROTULA","2013",374,"Salilota australis","Tadpole codling","pescado_otros","Fish"
"CABALLA","2013",31657,"Scomber japonicus","Chub mackerel","caballa","Caballa"
"CABINZA","2013",42,"Isacia conceptionis","Cabinza grunt","pescado_otros","Fish"
"CABRILLA","2013",185,"Paralabrax humeralis","Peruvian rock seabass","pescado_otros","Fish"
"CACHURRETA","2013",NA,"Katsuwonus pelamis","Skipjack tuna","atunes","Tuna"
"CAZON","2013",NA,"Galeorhinus galeus","Tope shark","tiburon","Shark"
"CHANCHARRO","2013",36,"Helicolenus lengerichi","Rockfish helicolenus","pescado_otros","Fish"
"COCHINILLA","2013",34,"Navodon Paschalis","Navodon","pescado_otros","Fish"
"COJINOBA","2013",3600,"Seriolella ","Warehou","pescado_otros","Fish"
"CONGRIO COLORADO","2013",640,"Genypterus chilensis","Red cusk-eel","congrio","Cusk-eel"
"CONGRIO DORADO","2013",1905,"Genypterus blacodes","Pink cusk-eel","congrio","Cusk-eel"
"CONGRIO NEGRO","2013",245,"Genypterus maculatus","Black cusk-eel","congrio","Cusk-eel"
"CORVINA","2013",1563,"Cilus gilberti","Corvina drum","pescado_otros","Fish"
"DORADO DE ALTURA","2013",NA,"Coryphaena hippurus","Common dolphinfish","pescado_otros","Fish"
"DRACO RAYADO","2013",234,"Champsocephalus gunnari","Mackerel icefish","pescado_otros","Fish"
"HUAIQUIL O CORVINILLA","2013",1,"Micropogonias manni","Micropogonias manni","pescado_otros","Fish"
"JERGUILLA","2013",13,"Aplodactylus punctatus","Jerguilla","pescado_otros","Fish"
"JUREL","2013",231360,"Trachurus murphyi","Chilean jack mackerel","jurel","Jack mackerel"
"LENGUADO","2013",17,"Paralichthys spp.","Large-tooth flounders","pescado_otros","Fish"
"LISA","2013",56,"Mugil cephalus","Flathead grey mullet","pescado_otros","Fish"
"MACHUELO TRITRE","2013",7660,"Ethmidium maculatum","Pacific menhaden","pescado_otros","Fish"
"MARLIN","2013",10,"Tetrapturus spp.","Tetrapturus","pescado_otros","Fish"
"MARRAJO O TIBURON","2013",284,"Isurus oxyrinchus","Shortfin mako","tiburon","Shark"
"MERLUZA COMUN","2013",36900,"Merluccius gayi gayi","South Pacific hake","merluza","Hake"
"MERLUZA DE COLA","2013",47602,"Macruronus magellanicus","Patagonian grenadier","merluza","Hake"
"MERLUZA DE TRES ALETAS","2013",15304,"Micromesistius australis","Southern blue whiting","merluza","Hake"
"MERLUZA DEL SUR","2013",19346,"Merluccius australis","Southern hake","merluza","Hake"
"NANUE","2013",2,"Kiphosus sandwicensis","Pacific chub","pescado_otros","Fish"
"ORANGE ROUGHY","2013",NA,"Hoplosthethus atlanticus","Orange roughy","pescado_otros","Fish"
"PAMPANITO","2013",1664,"Stromateus stellatus","Starry butterfish","pescado_otros","Fish"
"PEJEGALLO","2013",221,"Callorhinchus callorhynchus","American Elephantfish","pescado_otros","Fish"
"PEJEPERRO","2013",3,"Semicossyphus maculatus","Sheephead","pescado_otros","Fish"
"PEJERRATA","2013",91,"Coelorhynchus chilensis","Chilean grenadier","pescado_otros","Fish"
"PEJERREY DE MAR","2013",760,"Odontesthes regia","Chilean silverside","pescado_otros","Fish"
"PEJESAPO","2013",4,"Sicyases sanguin","Pejesapo","pescado_otros","Fish"
"PESCADO NO CLASIFICADO","2013",334,"Pescado","Fish","pescado_otros","Fish"
"PUYE","2013",2,"Galaxias maculatus","Common galaxias","pescado_otros","Fish"
"RAYA","2013",888,"Zearaja chilensis","Yellownose skate","raya","Ray"
"REINETA","2013",11955,"Brama australis","Southern rays bream","pescado_otros","Fish"
"REMOREMO","2013",NA,"Elagatis bipinnulata","Rainbow runner","pescado_otros","Fish"
"ROBALO","2013",170,"Eleginops maclovinus","Patagonian blennie","pescado_otros","Fish"
"ROCOCO","2013",3,"Paralonchurus peruanus","Peruvian banded croaker","pescado_otros","Fish"
"ROLLIZO","2013",31,"Pinguipes chilensis","Chilean sandperch","pescado_otros","Fish"
"RONCACHO","2013",37,"Sciaena deliciosa","Lorna drum","pescado_otros","Fish"
"SALMON ARTICO","2013",NA,"Salvelinus alpinus","Arctic char","salmon","Salmon"
"SALMON DEL ATLANTICO","2013",493463,"Salmo salar","Atlantic salmon","salmon","Salmon"
"SALMON PLATEADO","2013",146017,"Oncorhynchus kisutch","Coho salmon","salmon","Salmon"
"SALMON REY","2013",986,"Oncorhynchus tshawytscha","Chinook salmon","salmon","Salmon"
"SARDINA","2013",67,"Strangomera bentincki","Araucanian herring","sardina","Sprat and herring"
"SARDINA AUSTRAL","2013",27214,"Sprattus fuegensis","Falkland sprat","sardina","Sprat and herring"
"SARDINA COMUN","2013",236968,"Strangomera bentincki","Araucanian herring","sardina","Sprat and herring"
"SARGO","2013",21,"Anisotremus scapularis","Peruvian grunt","pescado_otros","Fish"
"SIERRA","2013",1962,"Thyrsites atun","Snoek","tiburon","Shark"
"TOLLO","2013",9,"Mustelus mento","Speckled smooth-hound","tiburon","Shark"
"TOLL0 DE CACHOS","2013",NA,"Squalus acanthias","Picked dogfish","tiburon","Shark"
"TOMOYO","2013",NA,"Labrisomus philippii","Chalapo clinid","pescado_otros","Fish"
"TRUCHA ARCOIRIS","2013",145625,"Oncorhynchus mykiss","Rainbow trout","trucha","Trout"
"TURBOT","2013",107,"Scophtalmus maximus","Turbot","pescado_otros","Fish"
"VIDRIOLA, PALOMETA, DORADO O TOREMO","2013",531,"Seriola lalandi","Yellowtail amberjack","pescado_otros","Fish"
"VIEJA O MULATA","2013",7,"Graus nigra","Vieja","pescado_otros","Fish"
"OTROS PESCADOS","2013",73,"Fish","Fish","pescado_otros","Fish"
"ACHA","2014",NA,"Medialuna ancietae","Sea Chab","pescado_otros","Fish"
"AGUJILLA","2014",419,"Scomberesox saurus scombroides","King gar","pescado_otros","Fish"
"ALBACORA","2014",5799,"Xiphias gladius","Swordfish","atunes","Tuna"
"ALFONSINO","2014",NA,"Beryx splendens","Splendid alfonsino","pescado_otros","fish"
"ANCHOVETA","2014",817900,"Engraulis ringens","Anchoveta","pescado_otros","Fish"
"ANCHOVETA BLANCA","2014",NA,"Anchoa nasus","Longnose anchovy","pescado_otros","Fish"
"ANGUILA","2014",78,"Ophichthus spp.","eel","anguila","Eel"
"APANADO","2014",16,"Hemilutjanus macrophthalmos","Grape-eye seabass","pescado_otros","Fish"
"ATUN ALETA AMARILLA","2014",8,"Thunnus albacares","Yellowfin tuna","atunes","Tuna"
"ATUN ALETA LARGA","2014",8,"Thunnus alalunga","Albacore","atunes","Tuna"
"ATUN OJOS GRANDES","2014",NA,"Thunnus obesus","Bigeye tuna","atunes","Tuna"
"AYANQUE","2014",NA,"Cynoscion analis","Peruvian weakfish","pescado_otros","Fish"
"AZULEJO","2014",282,"Prionace glauca","Blue shark","tiburon","Shark"
"BACALADILLO O MOTE","2014",50543,"Normanichthys crockeri","Mote sculpin","pescado_otros","Fish"
"BACALAO DE J. FERNANDEZ","2014",NA,"Polyprion oxygeneios","Hapuku wreckfish","pescado_otros","Fish"
"BACALAO DE PROFUNDIDAD","2014",2707,"Dissostichus eleginoides","Patagonian toothfish","pescado_otros","Fish"
"BESUGO","2014",2,"Epigonus crassicaudus","BESUGO","pescado_otros","Fish"
"BLANQUILLO","2014",41,"Prolatilus jugularis","Pacific sandperch","pescado_otros","Fish"
"BONITO","2014",38,"Sarda chiliensis","Eastern Pacific bonito","bonito","Bonito"
"BRECA O BILAGAY","2014",110,"Cheilodactylus variegatus","Peruvian morwong","pescado_otros","Fish"
"BROTULA","2014",522,"Salilota australis","Tadpole codling","pescado_otros","Fish"
"CABALLA","2014",24158,"Scomber japonicus","Chub mackerel","caballa","Caballa"
"CABINZA","2014",82,"Isacia conceptionis","Cabinza grunt","pescado_otros","Fish"
"CABRILLA","2014",221,"Paralabrax humeralis","Peruvian rock seabass","pescado_otros","Fish"
"CACHURRETA","2014",NA,"Katsuwonus pelamis","Skipjack tuna","atunes","Tuna"
"CAZON","2014",NA,"Galeorhinus galeus","Tope shark","tiburon","Shark"
"CHANCHARRO","2014",93,"Helicolenus lengerichi","Rockfish helicolenus","pescado_otros","Fish"
"COCHINILLA","2014",NA,"Navodon Paschalis","Navodon","pescado_otros","Fish"
"COJINOBA","2014",3636,"Seriolella ","Warehou","pescado_otros","Fish"
"CONGRIO COLORADO","2014",636,"Genypterus chilensis","Red cusk-eel","congrio","Cusk-eel"
"CONGRIO DORADO","2014",855,"Genypterus blacodes","Pink cusk-eel","congrio","Cusk-eel"
"CONGRIO NEGRO","2014",257,"Genypterus maculatus","Black cusk-eel","congrio","Cusk-eel"
"CORVINA","2014",924,"Cilus gilberti","Corvina drum","pescado_otros","Fish"
"DORADO DE ALTURA","2014",237,"Coryphaena hippurus","Common dolphinfish","pescado_otros","Fish"
"DRACO RAYADO","2014",27,"Champsocephalus gunnari","Mackerel icefish","pescado_otros","Fish"
"HUAIQUIL O CORVINILLA","2014",NA,"Micropogonias manni","Micropogonias manni","pescado_otros","Fish"
"JERGUILLA","2014",21,"Aplodactylus punctatus","Jerguilla","pescado_otros","Fish"
"JUREL","2014",271601,"Trachurus murphyi","Chilean jack mackerel","jurel","Jack mackerel"
"LENGUADO","2014",18,"Paralichthys spp.","Large-tooth flounders","pescado_otros","Fish"
"LISA","2014",59,"Mugil cephalus","Flathead grey mullet","pescado_otros","Fish"
"MACHUELO TRITRE","2014",8223,"Ethmidium maculatum","Pacific menhaden","pescado_otros","Fish"
"MARLIN","2014",42,"Tetrapturus spp.","Tetrapturus","pescado_otros","Fish"
"MARRAJO O TIBURON","2014",314,"Isurus oxyrinchus","Shortfin mako","tiburon","Shark"
"MERLUZA COMUN","2014",18573,"Merluccius gayi gayi","South Pacific hake","merluza","Hake"
"MERLUZA DE COLA","2014",39345,"Macruronus magellanicus","Patagonian grenadier","merluza","Hake"
"MERLUZA DE TRES ALETAS","2014",11191,"Micromesistius australis","Southern blue whiting","merluza","Hake"
"MERLUZA DEL SUR","2014",12393,"Merluccius australis","Southern hake","merluza","Hake"
"NANUE","2014",NA,"Kiphosus sandwicensis","Pacific chub","pescado_otros","Fish"
"ORANGE ROUGHY","2014",NA,"Hoplosthethus atlanticus","Orange roughy","pescado_otros","Fish"
"PAMPANITO","2014",3366,"Stromateus stellatus","Starry butterfish","pescado_otros","Fish"
"PEJEGALLO","2014",415,"Callorhinchus callorhynchus","American Elephantfish","pescado_otros","Fish"
"PEJEPERRO","2014",8,"Semicossyphus maculatus","Sheephead","pescado_otros","Fish"
"PEJERRATA","2014",54,"Coelorhynchus chilensis","Chilean grenadier","pescado_otros","Fish"
"PEJERREY DE MAR","2014",1146,"Odontesthes regia","Chilean silverside","pescado_otros","Fish"
"PEJESAPO","2014",3,"Sicyases sanguin","Pejesapo","pescado_otros","Fish"
"PESCADO NO CLASIFICADO","2014",232,"Pescado","Fish","pescado_otros","Fish"
"PUYE","2014",1,"Galaxias maculatus","Common galaxias","pescado_otros","Fish"
"RAYA","2014",24,"Zearaja chilensis","Yellownose skate","raya","Ray"
"REINETA","2014",35975,"Brama australis","Southern rays bream","pescado_otros","Fish"
"REMOREMO","2014",NA,"Elagatis bipinnulata","Rainbow runner","pescado_otros","Fish"
"ROBALO","2014",289,"Eleginops maclovinus","Patagonian blennie","pescado_otros","Fish"
"ROCOCO","2014",2,"Paralonchurus peruanus","Peruvian banded croaker","pescado_otros","Fish"
"ROLLIZO","2014",25,"Pinguipes chilensis","Chilean sandperch","pescado_otros","Fish"
"RONCACHO","2014",121,"Sciaena deliciosa","Lorna drum","pescado_otros","Fish"
"SALMON ARTICO","2014",NA,"Salvelinus alpinus","Arctic char","salmon","Salmon"
"SALMON DEL ATLANTICO","2014",644459,"Salmo salar","Atlantic salmon","salmon","Salmon"
"SALMON PLATEADO","2014",158947,"Oncorhynchus kisutch","Coho salmon","salmon","Salmon"
"SALMON REY","2014",2,"Oncorhynchus tshawytscha","Chinook salmon","salmon","Salmon"
"SARDINA","2014",148,"Strangomera bentincki","Araucanian herring","sardina","Sprat and herring"
"SARDINA AUSTRAL","2014",27230,"Sprattus fuegensis","Falkland sprat","sardina","Sprat and herring"
"SARDINA COMUN","2014",543278,"Strangomera bentincki","Araucanian herring","sardina","Sprat and herring"
"SARGO","2014",17,"Anisotremus scapularis","Peruvian grunt","pescado_otros","Fish"
"SIERRA","2014",2055,"Thyrsites atun","Snoek","tiburon","Shark"
"TOLLO","2014",243,"Mustelus mento","Speckled smooth-hound","tiburon","Shark"
"TOLL0 DE CACHOS","2014",2,"Squalus acanthias","Picked dogfish","tiburon","Shark"
"TOMOYO","2014",NA,"Labrisomus philippii","Chalapo clinid","pescado_otros","Fish"
"TRUCHA ARCOIRIS","2014",151773,"Oncorhynchus mykiss","Rainbow trout","trucha","Trout"
"TURBOT","2014",2,"Scophtalmus maximus","Turbot","pescado_otros","Fish"
"VIDRIOLA, PALOMETA, DORADO O TOREMO","2014",373,"Seriola lalandi","Yellowtail amberjack","pescado_otros","Fish"
"VIEJA O MULATA","2014",8,"Graus nigra","Vieja","pescado_otros","Fish"
"OTROS PESCADOS","2014",71,"Fish","Fish","pescado_otros","Fish"
"ACHA","2015",3,"Medialuna ancietae","Sea Chab","pescado_otros","Fish"
"AGUJILLA","2015",3375,"Scomberesox saurus scombroides","King gar","pescado_otros","Fish"
"ALBACORA","2015",6029,"Xiphias gladius","Swordfish","atunes","Tuna"
"ALFONSINO","2015",NA,"Beryx splendens","Splendid alfonsino","pescado_otros","fish"
"ANCHOVETA","2015",540095,"Engraulis ringens","Anchoveta","pescado_otros","Fish"
"ANCHOVETA BLANCA","2015",NA,"Anchoa nasus","Longnose anchovy","pescado_otros","Fish"
"ANGUILA","2015",49,"Ophichthus spp.","eel","anguila","Eel"
"APANADO","2015",10,"Hemilutjanus macrophthalmos","Grape-eye seabass","pescado_otros","Fish"
"ATUN ALETA AMARILLA","2015",39,"Thunnus albacares","Yellowfin tuna","atunes","Tuna"
"ATUN ALETA LARGA","2015",4,"Thunnus alalunga","Albacore","atunes","Tuna"
"ATUN OJOS GRANDES","2015",9,"Thunnus obesus","Bigeye tuna","atunes","Tuna"
"AYANQUE","2015",NA,"Cynoscion analis","Peruvian weakfish","pescado_otros","Fish"
"AZULEJO","2015",239,"Prionace glauca","Blue shark","tiburon","Shark"
"BACALADILLO O MOTE","2015",26445,"Normanichthys crockeri","Mote sculpin","pescado_otros","Fish"
"BACALAO DE J. FERNANDEZ","2015",5,"Polyprion oxygeneios","Hapuku wreckfish","pescado_otros","Fish"
"BACALAO DE PROFUNDIDAD","2015",3768,"Dissostichus eleginoides","Patagonian toothfish","pescado_otros","Fish"
"BESUGO","2015",NA,"Epigonus crassicaudus","BESUGO","pescado_otros","Fish"
"BLANQUILLO","2015",44,"Prolatilus jugularis","Pacific sandperch","pescado_otros","Fish"
"BONITO","2015",43,"Sarda chiliensis","Eastern Pacific bonito","bonito","Bonito"
"BRECA O BILAGAY","2015",100,"Cheilodactylus variegatus","Peruvian morwong","pescado_otros","Fish"
"BROTULA","2015",703,"Salilota australis","Tadpole codling","pescado_otros","Fish"
"CABALLA","2015",45687,"Scomber japonicus","Chub mackerel","caballa","Caballa"
"CABINZA","2015",27,"Isacia conceptionis","Cabinza grunt","pescado_otros","Fish"
"CABRILLA","2015",509,"Paralabrax humeralis","Peruvian rock seabass","pescado_otros","Fish"
"CACHURRETA","2015",NA,"Katsuwonus pelamis","Skipjack tuna","atunes","Tuna"
"CAZON","2015",NA,"Galeorhinus galeus","Tope shark","tiburon","Shark"
"CHANCHARRO","2015",913,"Helicolenus lengerichi","Rockfish helicolenus","pescado_otros","Fish"
"COCHINILLA","2015",NA,"Navodon Paschalis","Navodon","pescado_otros","Fish"
"COJINOBA","2015",4929,"Seriolella ","Warehou","pescado_otros","Fish"
"CONGRIO COLORADO","2015",615,"Genypterus chilensis","Red cusk-eel","congrio","Cusk-eel"
"CONGRIO DORADO","2015",1366,"Genypterus blacodes","Pink cusk-eel","congrio","Cusk-eel"
"CONGRIO NEGRO","2015",148,"Genypterus maculatus","Black cusk-eel","congrio","Cusk-eel"
"CORVINA","2015",848,"Cilus gilberti","Corvina drum","pescado_otros","Fish"
"DORADO DE ALTURA","2015",NA,"Coryphaena hippurus","Common dolphinfish","pescado_otros","Fish"
"DRACO RAYADO","2015",NA,"Champsocephalus gunnari","Mackerel icefish","pescado_otros","Fish"
"HUAIQUIL O CORVINILLA","2015",1,"Micropogonias manni","Micropogonias manni","pescado_otros","Fish"
"JERGUILLA","2015",6,"Aplodactylus punctatus","Jerguilla","pescado_otros","Fish"
"JUREL","2015",288772,"Trachurus murphyi","Chilean jack mackerel","jurel","Jack mackerel"
"LENGUADO","2015",21,"Paralichthys spp.","Large-tooth flounders","pescado_otros","Fish"
"LISA","2015",42,"Mugil cephalus","Flathead grey mullet","pescado_otros","Fish"
"MACHUELO TRITRE","2015",9695,"Ethmidium maculatum","Pacific menhaden","pescado_otros","Fish"
"MARLIN","2015",55,"Tetrapturus spp.","Tetrapturus","pescado_otros","Fish"
"MARRAJO O TIBURON","2015",355,"Isurus oxyrinchus","Shortfin mako","tiburon","Shark"
"MERLUZA COMUN","2015",19387,"Merluccius gayi gayi","South Pacific hake","merluza","Hake"
"MERLUZA DE COLA","2015",37475,"Macruronus magellanicus","Patagonian grenadier","merluza","Hake"
"MERLUZA DE TRES ALETAS","2015",8809,"Micromesistius australis","Southern blue whiting","merluza","Hake"
"MERLUZA DEL SUR","2015",16150,"Merluccius australis","Southern hake","merluza","Hake"
"NANUE","2015",NA,"Kiphosus sandwicensis","Pacific chub","pescado_otros","Fish"
"ORANGE ROUGHY","2015",NA,"Hoplosthethus atlanticus","Orange roughy","pescado_otros","Fish"
"PAMPANITO","2015",2462,"Stromateus stellatus","Starry butterfish","pescado_otros","Fish"
"PEJEGALLO","2015",442,"Callorhinchus callorhynchus","American Elephantfish","pescado_otros","Fish"
"PEJEPERRO","2015",8,"Semicossyphus maculatus","Sheephead","pescado_otros","Fish"
"PEJERRATA","2015",59,"Coelorhynchus chilensis","Chilean grenadier","pescado_otros","Fish"
"PEJERREY DE MAR","2015",877,"Odontesthes regia","Chilean silverside","pescado_otros","Fish"
"PEJESAPO","2015",NA,"Sicyases sanguin","Pejesapo","pescado_otros","Fish"
"PESCADO NO CLASIFICADO","2015",42,"Pescado","Fish","pescado_otros","Fish"
"PUYE","2015",NA,"Galaxias maculatus","Common galaxias","pescado_otros","Fish"
"RAYA","2015",37,"Zearaja chilensis","Yellownose skate","raya","Ray"
"REINETA","2015",34218,"Brama australis","Southern rays bream","pescado_otros","Fish"
"REMOREMO","2015",1,"Elagatis bipinnulata","Rainbow runner","pescado_otros","Fish"
"ROBALO","2015",236,"Eleginops maclovinus","Patagonian blennie","pescado_otros","Fish"
"ROCOCO","2015",NA,"Paralonchurus peruanus","Peruvian banded croaker","pescado_otros","Fish"
"ROLLIZO","2015",16,"Pinguipes chilensis","Chilean sandperch","pescado_otros","Fish"
"RONCACHO","2015",38,"Sciaena deliciosa","Lorna drum","pescado_otros","Fish"
"SALMON ARTICO","2015",NA,"Salvelinus alpinus","Arctic char","salmon","Salmon"
"SALMON DEL ATLANTICO","2015",621884,"Salmo salar","Atlantic salmon","salmon","Salmon"
"SALMON PLATEADO","2015",154109,"Oncorhynchus kisutch","Coho salmon","salmon","Salmon"
"SALMON REY","2015",NA,"Oncorhynchus tshawytscha","Chinook salmon","salmon","Salmon"
"SARDINA","2015",395,"Strangomera bentincki","Araucanian herring","sardina","Sprat and herring"
"SARDINA AUSTRAL","2015",31393,"Sprattus fuegensis","Falkland sprat","sardina","Sprat and herring"
"SARDINA COMUN","2015",435863,"Strangomera bentincki","Araucanian herring","sardina","Sprat and herring"
"SARGO","2015",5,"Anisotremus scapularis","Peruvian grunt","pescado_otros","Fish"
"SIERRA","2015",3518,"Thyrsites atun","Snoek","tiburon","Shark"
"TOLLO","2015",421,"Mustelus mento","Speckled smooth-hound","tiburon","Shark"
"TOLL0 DE CACHOS","2015",1,"Squalus acanthias","Picked dogfish","tiburon","Shark"
"TOMOYO","2015",NA,"Labrisomus philippii","Chalapo clinid","pescado_otros","Fish"
"TRUCHA ARCOIRIS","2015",107109,"Oncorhynchus mykiss","Rainbow trout","trucha","Trout"
"TURBOT","2015",4,"Scophtalmus maximus","Turbot","pescado_otros","Fish"
"VIDRIOLA, PALOMETA, DORADO O TOREMO","2015",561,"Seriola lalandi","Yellowtail amberjack","pescado_otros","Fish"
"VIEJA O MULATA","2015",6,"Graus nigra","Vieja","pescado_otros","Fish"
"OTROS PESCADOS","2015",104,"Fish","Fish","pescado_otros","Fish"
"ACHA","2016",1,"Medialuna ancietae","Sea Chab","pescado_otros","Fish"
"AGUJILLA","2016",244,"Scomberesox saurus scombroides","King gar","pescado_otros","Fish"
"ALBACORA","2016",6928,"Xiphias gladius","Swordfish","atunes","Tuna"
"ALFONSINO","2016",NA,"Beryx splendens","Splendid alfonsino","pescado_otros","fish"
"ANCHOVETA","2016",337436,"Engraulis ringens","Anchoveta","pescado_otros","Fish"
"ANCHOVETA BLANCA","2016",NA,"Anchoa nasus","Longnose anchovy","pescado_otros","Fish"
"ANGUILA","2016",55,"Ophichthus spp.","eel","anguila","Eel"
"APANADO","2016",4,"Hemilutjanus macrophthalmos","Grape-eye seabass","pescado_otros","Fish"
"ATUN ALETA AMARILLA","2016",29,"Thunnus albacares","Yellowfin tuna","atunes","Tuna"
"ATUN ALETA LARGA","2016",4,"Thunnus alalunga","Albacore","atunes","Tuna"
"ATUN OJOS GRANDES","2016",6,"Thunnus obesus","Bigeye tuna","atunes","Tuna"
"AYANQUE","2016",NA,"Cynoscion analis","Peruvian weakfish","pescado_otros","Fish"
"AZULEJO","2016",183,"Prionace glauca","Blue shark","tiburon","Shark"
"BACALADILLO O MOTE","2016",20169,"Normanichthys crockeri","Mote sculpin","pescado_otros","Fish"
"BACALAO DE J. FERNANDEZ","2016",NA,"Polyprion oxygeneios","Hapuku wreckfish","pescado_otros","Fish"
"BACALAO DE PROFUNDIDAD","2016",5271,"Dissostichus eleginoides","Patagonian toothfish","pescado_otros","Fish"
"BESUGO","2016",NA,"Epigonus crassicaudus","BESUGO","pescado_otros","Fish"
"BLANQUILLO","2016",45,"Prolatilus jugularis","Pacific sandperch","pescado_otros","Fish"
"BONITO","2016",257,"Sarda chiliensis","Eastern Pacific bonito","bonito","Bonito"
"BRECA O BILAGAY","2016",57,"Cheilodactylus variegatus","Peruvian morwong","pescado_otros","Fish"
"BROTULA","2016",536,"Salilota australis","Tadpole codling","pescado_otros","Fish"
"CABALLA","2016",58583,"Scomber japonicus","Chub mackerel","caballa","Caballa"
"CABINZA","2016",22,"Isacia conceptionis","Cabinza grunt","pescado_otros","Fish"
"CABRILLA","2016",155,"Paralabrax humeralis","Peruvian rock seabass","pescado_otros","Fish"
"CACHURRETA","2016",NA,"Katsuwonus pelamis","Skipjack tuna","atunes","Tuna"
"CAZON","2016",NA,"Galeorhinus galeus","Tope shark","tiburon","Shark"
"CHANCHARRO","2016",129,"Helicolenus lengerichi","Rockfish helicolenus","pescado_otros","Fish"
"COCHINILLA","2016",31,"Navodon Paschalis","Navodon","pescado_otros","Fish"
"COJINOBA","2016",6936,"Seriolella ","Warehou","pescado_otros","Fish"
"CONGRIO COLORADO","2016",445,"Genypterus chilensis","Red cusk-eel","congrio","Cusk-eel"
"CONGRIO DORADO","2016",1250,"Genypterus blacodes","Pink cusk-eel","congrio","Cusk-eel"
"CONGRIO NEGRO","2016",145,"Genypterus maculatus","Black cusk-eel","congrio","Cusk-eel"
"CORVINA","2016",1670,"Cilus gilberti","Corvina drum","pescado_otros","Fish"
"DORADO DE ALTURA","2016",NA,"Coryphaena hippurus","Common dolphinfish","pescado_otros","Fish"
"DRACO RAYADO","2016",94,"Champsocephalus gunnari","Mackerel icefish","pescado_otros","Fish"
"HUAIQUIL O CORVINILLA","2016",5,"Micropogonias manni","Micropogonias manni","pescado_otros","Fish"
"JERGUILLA","2016",3,"Aplodactylus punctatus","Jerguilla","pescado_otros","Fish"
"JUREL","2016",323298,"Trachurus murphyi","Chilean jack mackerel","jurel","Jack mackerel"
"LENGUADO","2016",15,"Paralichthys spp.","Large-tooth flounders","pescado_otros","Fish"
"LISA","2016",55,"Mugil cephalus","Flathead grey mullet","pescado_otros","Fish"
"MACHUELO TRITRE","2016",9039,"Ethmidium maculatum","Pacific menhaden","pescado_otros","Fish"
"MARLIN","2016",28,"Tetrapturus spp.","Tetrapturus","pescado_otros","Fish"
"MARRAJO O TIBURON","2016",387,"Isurus oxyrinchus","Shortfin mako","tiburon","Shark"
"MERLUZA COMUN","2016",20886,"Merluccius gayi gayi","South Pacific hake","merluza","Hake"
"MERLUZA DE COLA","2016",28108,"Macruronus magellanicus","Patagonian grenadier","merluza","Hake"
"MERLUZA DE TRES ALETAS","2016",8269,"Micromesistius australis","Southern blue whiting","merluza","Hake"
"MERLUZA DEL SUR","2016",16804,"Merluccius australis","Southern hake","merluza","Hake"
"NANUE","2016",NA,"Kiphosus sandwicensis","Pacific chub","pescado_otros","Fish"
"ORANGE ROUGHY","2016",NA,"Hoplosthethus atlanticus","Orange roughy","pescado_otros","Fish"
"PAMPANITO","2016",9268,"Stromateus stellatus","Starry butterfish","pescado_otros","Fish"
"PEJEGALLO","2016",626,"Callorhinchus callorhynchus","American Elephantfish","pescado_otros","Fish"
"PEJEPERRO","2016",NA,"Semicossyphus maculatus","Sheephead","pescado_otros","Fish"
"PEJERRATA","2016",47,"Coelorhynchus chilensis","Chilean grenadier","pescado_otros","Fish"
"PEJERREY DE MAR","2016",706,"Odontesthes regia","Chilean silverside","pescado_otros","Fish"
"PEJESAPO","2016",NA,"Sicyases sanguin","Pejesapo","pescado_otros","Fish"
"PESCADO NO CLASIFICADO","2016",9,"Pescado","Fish","pescado_otros","Fish"
"PUYE","2016",1,"Galaxias maculatus","Common galaxias","pescado_otros","Fish"
"RAYA","2016",722,"Zearaja chilensis","Yellownose skate","raya","Ray"
"REINETA","2016",27586,"Brama australis","Southern rays bream","pescado_otros","Fish"
"REMOREMO","2016",NA,"Elagatis bipinnulata","Rainbow runner","pescado_otros","Fish"
"ROBALO","2016",280,"Eleginops maclovinus","Patagonian blennie","pescado_otros","Fish"
"ROCOCO","2016",NA,"Paralonchurus peruanus","Peruvian banded croaker","pescado_otros","Fish"
"ROLLIZO","2016",25,"Pinguipes chilensis","Chilean sandperch","pescado_otros","Fish"
"RONCACHO","2016",92,"Sciaena deliciosa","Lorna drum","pescado_otros","Fish"
"SALMON ARTICO","2016",NA,"Salvelinus alpinus","Arctic char","salmon","Salmon"
"SALMON DEL ATLANTICO","2016",532225,"Salmo salar","Atlantic salmon","salmon","Salmon"
"SALMON PLATEADO","2016",110980,"Oncorhynchus kisutch","Coho salmon","salmon","Salmon"
"SALMON REY","2016",NA,"Oncorhynchus tshawytscha","Chinook salmon","salmon","Salmon"
"SARDINA","2016",89,"Strangomera bentincki","Araucanian herring","sardina","Sprat and herring"
"SARDINA AUSTRAL","2016",23655,"Sprattus fuegensis","Falkland sprat","sardina","Sprat and herring"
"SARDINA COMUN","2016",280421,"Strangomera bentincki","Araucanian herring","sardina","Sprat and herring"
"SARGO","2016",6,"Anisotremus scapularis","Peruvian grunt","pescado_otros","Fish"
"SIERRA","2016",4490,"Thyrsites atun","Snoek","tiburon","Shark"
"TOLLO","2016",85,"Mustelus mento","Speckled smooth-hound","tiburon","Shark"
"TOLL0 DE CACHOS","2016",NA,"Squalus acanthias","Picked dogfish","tiburon","Shark"
"TOMOYO","2016",NA,"Labrisomus philippii","Chalapo clinid","pescado_otros","Fish"
"TRUCHA ARCOIRIS","2016",84607,"Oncorhynchus mykiss","Rainbow trout","trucha","Trout"
"TURBOT","2016",NA,"Scophtalmus maximus","Turbot","pescado_otros","Fish"
"VIDRIOLA, PALOMETA, DORADO O TOREMO","2016",654,"Seriola lalandi","Yellowtail amberjack","pescado_otros","Fish"
"VIEJA O MULATA","2016",4,"Graus nigra","Vieja","pescado_otros","Fish"
"OTROS PESCADOS","2016",4438,"Fish","Fish","pescado_otros","Fish"
"ACHA","2017",NA,"Medialuna ancietae","Sea Chab","pescado_otros","Fish"
"AGUJILLA","2017",19,"Scomberesox saurus scombroides","King gar","pescado_otros","Fish"
"ALBACORA","2017",5510,"Xiphias gladius","Swordfish","atunes","Tuna"
"ALFONSINO","2017",NA,"Beryx splendens","Splendid alfonsino","pescado_otros","fish"
"ANCHOVETA","2017",625697,"Engraulis ringens","Anchoveta","pescado_otros","Fish"
"ANCHOVETA BLANCA","2017",NA,"Anchoa nasus","Longnose anchovy","pescado_otros","Fish"
"ANGUILA","2017",40,"Ophichthus spp.","eel","anguila","Eel"
"APANADO","2017",23,"Hemilutjanus macrophthalmos","Grape-eye seabass","pescado_otros","Fish"
"ATUN ALETA AMARILLA","2017",48,"Thunnus albacares","Yellowfin tuna","atunes","Tuna"
"ATUN ALETA LARGA","2017",20,"Thunnus alalunga","Albacore","atunes","Tuna"
"ATUN OJOS GRANDES","2017",12,"Thunnus obesus","Bigeye tuna","atunes","Tuna"
"AYANQUE","2017",NA,"Cynoscion analis","Peruvian weakfish","pescado_otros","Fish"
"AZULEJO","2017",101,"Prionace glauca","Blue shark","tiburon","Shark"
"BACALADILLO O MOTE","2017",61192,"Normanichthys crockeri","Mote sculpin","pescado_otros","Fish"
"BACALAO DE J. FERNANDEZ","2017",1,"Polyprion oxygeneios","Hapuku wreckfish","pescado_otros","Fish"
"BACALAO DE PROFUNDIDAD","2017",6117,"Dissostichus eleginoides","Patagonian toothfish","pescado_otros","Fish"
"BESUGO","2017",NA,"Epigonus crassicaudus","BESUGO","pescado_otros","Fish"
"BLANQUILLO","2017",28,"Prolatilus jugularis","Pacific sandperch","pescado_otros","Fish"
"BONITO","2017",114,"Sarda chiliensis","Eastern Pacific bonito","bonito","Bonito"
"BRECA O BILAGAY","2017",87,"Cheilodactylus variegatus","Peruvian morwong","pescado_otros","Fish"
"BROTULA","2017",348,"Salilota australis","Tadpole codling","pescado_otros","Fish"
"CABALLA","2017",66407,"Scomber japonicus","Chub mackerel","caballa","Caballa"
"CABINZA","2017",22,"Isacia conceptionis","Cabinza grunt","pescado_otros","Fish"
"CABRILLA","2017",86,"Paralabrax humeralis","Peruvian rock seabass","pescado_otros","Fish"
"CACHURRETA","2017",NA,"Katsuwonus pelamis","Skipjack tuna","atunes","Tuna"
"CAZON","2017",NA,"Galeorhinus galeus","Tope shark","tiburon","Shark"
"CHANCHARRO","2017",43,"Helicolenus lengerichi","Rockfish helicolenus","pescado_otros","Fish"
"COCHINILLA","2017",NA,"Navodon Paschalis","Navodon","pescado_otros","Fish"
"COJINOBA","2017",3562,"Seriolella ","Warehou","pescado_otros","Fish"
"CONGRIO COLORADO","2017",449,"Genypterus chilensis","Red cusk-eel","congrio","Cusk-eel"
"CONGRIO DORADO","2017",1228,"Genypterus blacodes","Pink cusk-eel","congrio","Cusk-eel"
"CONGRIO NEGRO","2017",230,"Genypterus maculatus","Black cusk-eel","congrio","Cusk-eel"
"CORVINA","2017",725,"Cilus gilberti","Corvina drum","pescado_otros","Fish"
"DORADO DE ALTURA","2017",NA,"Coryphaena hippurus","Common dolphinfish","pescado_otros","Fish"
"DRACO RAYADO","2017",NA,"Champsocephalus gunnari","Mackerel icefish","pescado_otros","Fish"
"HUAIQUIL O CORVINILLA","2017",11,"Micropogonias manni","Micropogonias manni","pescado_otros","Fish"
"JERGUILLA","2017",4,"Aplodactylus punctatus","Jerguilla","pescado_otros","Fish"
"JUREL","2017",355296,"Trachurus murphyi","Chilean jack mackerel","jurel","Jack mackerel"
"LENGUADO","2017",29,"Paralichthys spp.","Large-tooth flounders","pescado_otros","Fish"
"LISA","2017",42,"Mugil cephalus","Flathead grey mullet","pescado_otros","Fish"
"MACHUELO TRITRE","2017",29954,"Ethmidium maculatum","Pacific menhaden","pescado_otros","Fish"
"MARLIN","2017",11,"Tetrapturus spp.","Tetrapturus","pescado_otros","Fish"
"MARRAJO O TIBURON","2017",238,"Isurus oxyrinchus","Shortfin mako","tiburon","Shark"
"MERLUZA COMUN","2017",21397,"Merluccius gayi gayi","South Pacific hake","merluza","Hake"
"MERLUZA DE COLA","2017",20850,"Macruronus magellanicus","Patagonian grenadier","merluza","Hake"
"MERLUZA DE TRES ALETAS","2017",8233,"Micromesistius australis","Southern blue whiting","merluza","Hake"
"MERLUZA DEL SUR","2017",16355,"Merluccius australis","Southern hake","merluza","Hake"
"NANUE","2017",1,"Kiphosus sandwicensis","Pacific chub","pescado_otros","Fish"
"ORANGE ROUGHY","2017",NA,"Hoplosthethus atlanticus","Orange roughy","pescado_otros","Fish"
"PAMPANITO","2017",23034,"Stromateus stellatus","Starry butterfish","pescado_otros","Fish"
"PEJEGALLO","2017",667,"Callorhinchus callorhynchus","American Elephantfish","pescado_otros","Fish"
"PEJEPERRO","2017",NA,"Semicossyphus maculatus","Sheephead","pescado_otros","Fish"
"PEJERRATA","2017",25,"Coelorhynchus chilensis","Chilean grenadier","pescado_otros","Fish"
"PEJERREY DE MAR","2017",550,"Odontesthes regia","Chilean silverside","pescado_otros","Fish"
"PEJESAPO","2017",NA,"Sicyases sanguin","Pejesapo","pescado_otros","Fish"
"PESCADO NO CLASIFICADO","2017",NA,"Pescado","Fish","pescado_otros","Fish"
"PUYE","2017",NA,"Galaxias maculatus","Common galaxias","pescado_otros","Fish"
"RAYA","2017",31,"Zearaja chilensis","Yellownose skate","raya","Ray"
"REINETA","2017",25267,"Brama australis","Southern rays bream","pescado_otros","Fish"
"REMOREMO","2017",NA,"Elagatis bipinnulata","Rainbow runner","pescado_otros","Fish"
"ROBALO","2017",254,"Eleginops maclovinus","Patagonian blennie","pescado_otros","Fish"
"ROCOCO","2017",NA,"Paralonchurus peruanus","Peruvian banded croaker","pescado_otros","Fish"
"ROLLIZO","2017",42,"Pinguipes chilensis","Chilean sandperch","pescado_otros","Fish"
"RONCACHO","2017",73,"Sciaena deliciosa","Lorna drum","pescado_otros","Fish"
"SALMON ARTICO","2017",NA,"Salvelinus alpinus","Arctic char","salmon","Salmon"
"SALMON DEL ATLANTICO","2017",614173,"Salmo salar","Atlantic salmon","salmon","Salmon"
"SALMON PLATEADO","2017",164193,"Oncorhynchus kisutch","Coho salmon","salmon","Salmon"
"SALMON REY","2017",NA,"Oncorhynchus tshawytscha","Chinook salmon","salmon","Salmon"
"SARDINA","2017",513,"Strangomera bentincki","Araucanian herring","sardina","Sprat and herring"
"SARDINA AUSTRAL","2017",19293,"Sprattus fuegensis","Falkland sprat","sardina","Sprat and herring"
"SARDINA COMUN","2017",344262,"Strangomera bentincki","Araucanian herring","sardina","Sprat and herring"
"SARGO","2017",6,"Anisotremus scapularis","Peruvian grunt","pescado_otros","Fish"
"SIERRA","2017",3154,"Thyrsites atun","Snoek","tiburon","Shark"
"TOLLO","2017",24,"Mustelus mento","Speckled smooth-hound","tiburon","Shark"
"TOLL0 DE CACHOS","2017",NA,"Squalus acanthias","Picked dogfish","tiburon","Shark"
"TOMOYO","2017",NA,"Labrisomus philippii","Chalapo clinid","pescado_otros","Fish"
"TRUCHA ARCOIRIS","2017",76960,"Oncorhynchus mykiss","Rainbow trout","trucha","Trout"
"TURBOT","2017",5,"Scophtalmus maximus","Turbot","pescado_otros","Fish"
"VIDRIOLA, PALOMETA, DORADO O TOREMO","2017",567,"Seriola lalandi","Yellowtail amberjack","pescado_otros","Fish"
"VIEJA O MULATA","2017",6,"Graus nigra","Vieja","pescado_otros","Fish"
"OTROS PESCADOS","2017",2933,"Fish","Fish","pescado_otros","Fish"
"CAMARON DE TALUD","2013",NA,"Campylonotus semistriatus","Razor shrimp","camaron_otro","Shrimp"
"CAMARON NAILON","2013",4583,"Heterocarpus reedi","Chilean nylon shrimp","camaron_nai","Chilean nylon shrimp"
"CANGREJO DORADO DE JF","2013",5,"Chaceon chilensis","Juan Fernrndez golden crab","cangrejos_otros","Crabs"
"CANGREJO O PANCHOTE","2013",25,"Taliepus dentatus","Crab panchote","jaiba","Jaiba"
"CENTOLLA","2013",5743,"Lithodes santolla","Southern king crab","centolla","King crab"
"CENTOLLA DEL NORTE","2013",NA,"Lithodes spp.","Northen king crab","centolla_nor","King crab"
"CENTOLLON","2013",2959,"Paralomis granulosa","Softshell red crab","crustaceos_otros","Crustaceans"
"GAMBA","2013",93,"Haliporoides diomedeae","Chilean knife shrimp","gambas","Prawns"
"JAIBA","2013",NA,"Cancer spp.","Crab","jaiba","Jaiba"
"JAIBA LIMON","2013",394,"Cancer porteri","Crab limon","jaiba","Jaiba"
"JAIBA MARMOLA","2013",3808,"Cancer edwardsi","Mola rock crab","jaiba","Jaiba"
"JAIBA MORA","2013",167,"Homalaspis plana","Blackberry crab","jaiba","Jaiba"
"JAIBA PATUDA","2013",54,"Taliepus marginatus","Crab patuda","crustaceos_otros","Crustaceans"
"JAIBA PELUDA O PACHONA","2013",655,"Cancer setosus","Crab peluda","jaiba","Jaiba"
"JAIBA REINA","2013",129,"Cancer coronatus","Queen Crab","jaiba","Jaiba"
"JAIBA REMADORA","2013",246,"Ovalipes trimaculatus","Rowing Crab","jaiba","Jaiba"
"LANGOSTA DE J. FERNANDEZ","2013",88,"Jasus frontalis","Juan Fernandez rock lobster","crustaceos_otros","Crustaceans"
"LANGOSTA ENANA","2013",5,"Projasus bahamondei","Chilean Jagged Lobster","crustaceos_otros","Crustaceans"
"LANGOSTINO AMARILLO","2013",3010,"Cervimunida johni","Blue squat lobster","langostinos_otros","Langostinos"
"LANGOSTINO COLORADO","2013",8404,"Pleuroncodes monodon","Red squat lobster","langostino_col","Red squat lobster"
"LANGOSTINO ENANO","2013",47,"Pleuroncodes sp","Squat lobster","langostinos_otros","Langistinos"
"PICOROCO","2013",111,"Austromegabalanus psittacus","Giant barnacle","crustaceos_otros","Crustaceans"
"OTROS CRUSTACEOS","2013",6934,"Crustacea","Crustacean","crustaceos_otros","Crustaceans"
"CAMARON DE TALUD","2014",NA,"Campylonotus semistriatus","Razor shrimp","camaron_otro","Shrimp"
"CAMARON NAILON","2014",4597,"Heterocarpus reedi","Chilean nylon shrimp","camaron_nai","Chilean nylon shrimp"
"CANGREJO DORADO DE JF","2014",8,"Chaceon chilensis","Juan Fernrndez golden crab","cangrejos_otros","Crabs"
"CANGREJO O PANCHOTE","2014",NA,"Taliepus dentatus","Crab panchote","jaiba","Jaiba"
"CENTOLLA","2014",6207,"Lithodes santolla","Southern king crab","centolla","King crab"
"CENTOLLA DEL NORTE","2014",NA,"Lithodes spp.","Northen king crab","centolla_nor","King crab"
"CENTOLLON","2014",2251,"Paralomis granulosa","Softshell red crab","crustaceos_otros","Crustaceans"
"GAMBA","2014",71,"Haliporoides diomedeae","Chilean knife shrimp","gambas","Prawns"
"JAIBA","2014",NA,"Cancer spp.","Crab","jaiba","Jaiba"
"JAIBA LIMON","2014",667,"Cancer porteri","Crab limon","jaiba","Jaiba"
"JAIBA MARMOLA","2014",4106,"Cancer edwardsi","Mola rock crab","jaiba","Jaiba"
"JAIBA MORA","2014",110,"Homalaspis plana","Blackberry crab","jaiba","Jaiba"
"JAIBA PATUDA","2014",30,"Taliepus marginatus","Crab patuda","crustaceos_otros","Crustaceans"
"JAIBA PELUDA O PACHONA","2014",525,"Cancer setosus","Crab peluda","jaiba","Jaiba"
"JAIBA REINA","2014",99,"Cancer coronatus","Queen Crab","jaiba","Jaiba"
"JAIBA REMADORA","2014",299,"Ovalipes trimaculatus","Rowing Crab","jaiba","Jaiba"
"LANGOSTA DE J. FERNANDEZ","2014",90,"Jasus frontalis","Juan Fernandez rock lobster","crustaceos_otros","Crustaceans"
"LANGOSTA ENANA","2014",NA,"Projasus bahamondei","Chilean Jagged Lobster","crustaceos_otros","Crustaceans"
"LANGOSTINO AMARILLO","2014",2843,"Cervimunida johni","Blue squat lobster","langostinos_otros","Langostinos"
"LANGOSTINO COLORADO","2014",8191,"Pleuroncodes monodon","Red squat lobster","langostino_col","Red squat lobster"
"LANGOSTINO ENANO","2014",303,"Pleuroncodes sp","Squat lobster","langostinos_otros","Langistinos"
"PICOROCO","2014",132,"Austromegabalanus psittacus","Giant barnacle","crustaceos_otros","Crustaceans"
"OTROS CRUSTACEOS","2014",5242,"Crustacea","Crustacean","crustaceos_otros","Crustaceans"
"CAMARON DE TALUD","2015",NA,"Campylonotus semistriatus","Razor shrimp","camaron_otro","Shrimp"
"CAMARON NAILON","2015",4294,"Heterocarpus reedi","Chilean nylon shrimp","camaron_nai","Chilean nylon shrimp"
"CANGREJO DORADO DE JF","2015",12,"Chaceon chilensis","Juan Fernrndez golden crab","cangrejos_otros","Crabs"
"CANGREJO O PANCHOTE","2015",14,"Taliepus dentatus","Crab panchote","jaiba","Jaiba"
"CENTOLLA","2015",5973,"Lithodes santolla","Southern king crab","centolla","King crab"
"CENTOLLA DEL NORTE","2015",2,"Lithodes spp.","Northen king crab","centolla_nor","King crab"
"CENTOLLON","2015",1966,"Paralomis granulosa","Softshell red crab","crustaceos_otros","Crustaceans"
"GAMBA","2015",103,"Haliporoides diomedeae","Chilean knife shrimp","gambas","Prawns"
"JAIBA","2015",NA,"Cancer spp.","Crab","jaiba","Jaiba"
"JAIBA LIMON","2015",1071,"Cancer porteri","Crab limon","jaiba","Jaiba"
"JAIBA MARMOLA","2015",3905,"Cancer edwardsi","Mola rock crab","jaiba","Jaiba"
"JAIBA MORA","2015",147,"Homalaspis plana","Blackberry crab","jaiba","Jaiba"
"JAIBA PATUDA","2015",17,"Taliepus marginatus","Crab patuda","crustaceos_otros","Crustaceans"
"JAIBA PELUDA O PACHONA","2015",548,"Cancer setosus","Crab peluda","jaiba","Jaiba"
"JAIBA REINA","2015",130,"Cancer coronatus","Queen Crab","jaiba","Jaiba"
"JAIBA REMADORA","2015",184,"Ovalipes trimaculatus","Rowing Crab","jaiba","Jaiba"
"LANGOSTA DE J. FERNANDEZ","2015",91,"Jasus frontalis","Juan Fernandez rock lobster","crustaceos_otros","Crustaceans"
"LANGOSTA ENANA","2015",1,"Projasus bahamondei","Chilean Jagged Lobster","crustaceos_otros","Crustaceans"
"LANGOSTINO AMARILLO","2015",4517,"Cervimunida johni","Blue squat lobster","langostinos_otros","Langostinos"
"LANGOSTINO COLORADO","2015",6267,"Pleuroncodes monodon","Red squat lobster","langostino_col","Red squat lobster"
"LANGOSTINO ENANO","2015",819,"Pleuroncodes sp","Squat lobster","langostinos_otros","Langistinos"
"PICOROCO","2015",175,"Austromegabalanus psittacus","Giant barnacle","crustaceos_otros","Crustaceans"
"OTROS CRUSTACEOS","2015",5797,"Crustacea","Crustacean","crustaceos_otros","Crustaceans"
"CAMARON DE TALUD","2016",NA,"Campylonotus semistriatus","Razor shrimp","camaron_otro","Shrimp"
"CAMARON NAILON","2016",4854,"Heterocarpus reedi","Chilean nylon shrimp","camaron_nai","Chilean nylon shrimp"
"CANGREJO DORADO DE JF","2016",10,"Chaceon chilensis","Juan Fernrndez golden crab","cangrejos_otros","Crabs"
"CANGREJO O PANCHOTE","2016",17,"Taliepus dentatus","Crab panchote","jaiba","Jaiba"
"CENTOLLA","2016",5583,"Lithodes santolla","Southern king crab","centolla","King crab"
"CENTOLLA DEL NORTE","2016",NA,"Lithodes spp.","Northen king crab","centolla_nor","King crab"
"CENTOLLON","2016",3614,"Paralomis granulosa","Softshell red crab","crustaceos_otros","Crustaceans"
"GAMBA","2016",29,"Haliporoides diomedeae","Chilean knife shrimp","gambas","Prawns"
"JAIBA","2016",NA,"Cancer spp.","Crab","jaiba","Jaiba"
"JAIBA LIMON","2016",1927,"Cancer porteri","Crab limon","jaiba","Jaiba"
"JAIBA MARMOLA","2016",4316,"Cancer edwardsi","Mola rock crab","jaiba","Jaiba"
"JAIBA MORA","2016",127,"Homalaspis plana","Blackberry crab","jaiba","Jaiba"
"JAIBA PATUDA","2016",10,"Taliepus marginatus","Crab patuda","crustaceos_otros","Crustaceans"
"JAIBA PELUDA O PACHONA","2016",443,"Cancer setosus","Crab peluda","jaiba","Jaiba"
"JAIBA REINA","2016",126,"Cancer coronatus","Queen Crab","jaiba","Jaiba"
"JAIBA REMADORA","2016",182,"Ovalipes trimaculatus","Rowing Crab","jaiba","Jaiba"
"LANGOSTA DE J. FERNANDEZ","2016",89,"Jasus frontalis","Juan Fernandez rock lobster","crustaceos_otros","Crustaceans"
"LANGOSTA ENANA","2016",NA,"Projasus bahamondei","Chilean Jagged Lobster","crustaceos_otros","Crustaceans"
"LANGOSTINO AMARILLO","2016",4116,"Cervimunida johni","Blue squat lobster","langostinos_otros","Langostinos"
"LANGOSTINO COLORADO","2016",5413,"Pleuroncodes monodon","Red squat lobster","langostino_col","Red squat lobster"
"LANGOSTINO ENANO","2016",189,"Pleuroncodes sp","Squat lobster","langostinos_otros","Langistinos"
"PICOROCO","2016",285,"Austromegabalanus psittacus","Giant barnacle","crustaceos_otros","Crustaceans"
"OTROS CRUSTACEOS","2016",3239,"Crustacea","Crustacean","crustaceos_otros","Crustaceans"
"CAMARON DE TALUD","2017",NA,"Campylonotus semistriatus","Razor shrimp","camaron_otro","Shrimp"
"CAMARON NAILON","2017",4640,"Heterocarpus reedi","Chilean nylon shrimp","camaron_nai","Chilean nylon shrimp"
"CANGREJO DORADO DE JF","2017",14,"Chaceon chilensis","Juan Fernrndez golden crab","cangrejos_otros","Crabs"
"CANGREJO O PANCHOTE","2017",37,"Taliepus dentatus","Crab panchote","jaiba","Jaiba"
"CENTOLLA","2017",5024,"Lithodes santolla","Southern king crab","centolla","King crab"
"CENTOLLA DEL NORTE","2017",NA,"Lithodes spp.","Northen king crab","centolla_nor","King crab"
"CENTOLLON","2017",6132,"Paralomis granulosa","Softshell red crab","crustaceos_otros","Crustaceans"
"GAMBA","2017",59,"Haliporoides diomedeae","Chilean knife shrimp","gambas","Prawns"
"JAIBA","2017",NA,"Cancer spp.","Crab","jaiba","Jaiba"
"JAIBA LIMON","2017",1794,"Cancer porteri","Crab limon","jaiba","Jaiba"
"JAIBA MARMOLA","2017",4872,"Cancer edwardsi","Mola rock crab","jaiba","Jaiba"
"JAIBA MORA","2017",101,"Homalaspis plana","Blackberry crab","jaiba","Jaiba"
"JAIBA PATUDA","2017",19,"Taliepus marginatus","Crab patuda","crustaceos_otros","Crustaceans"
"JAIBA PELUDA O PACHONA","2017",274,"Cancer setosus","Crab peluda","jaiba","Jaiba"
"JAIBA REINA","2017",136,"Cancer coronatus","Queen Crab","jaiba","Jaiba"
"JAIBA REMADORA","2017",81,"Ovalipes trimaculatus","Rowing Crab","jaiba","Jaiba"
"LANGOSTA DE J. FERNANDEZ","2017",67,"Jasus frontalis","Juan Fernandez rock lobster","crustaceos_otros","Crustaceans"
"LANGOSTA ENANA","2017",NA,"Projasus bahamondei","Chilean Jagged Lobster","crustaceos_otros","Crustaceans"
"LANGOSTINO AMARILLO","2017",3941,"Cervimunida johni","Blue squat lobster","langostinos_otros","Langostinos"
"LANGOSTINO COLORADO","2017",5661,"Pleuroncodes monodon","Red squat lobster","langostino_col","Red squat lobster"
"LANGOSTINO ENANO","2017",647,"Pleuroncodes sp","Squat lobster","langostinos_otros","Langistinos"
"PICOROCO","2017",239,"Austromegabalanus psittacus","Giant barnacle","crustaceos_otros","Crustaceans"
"OTROS CRUSTACEOS","2017",27,"Crustacea","Crustacean","crustaceos_otros","Crustaceans"
"ABALON JAPONES","2013",23,"Haliotis discus hannai","Japanese abalone","abalon japones","Abalone"
"ABALON ROJO","2013",1111,"Haliotis rufescens","Red Abalone","abalon_otras","Abalone"
"ALMEJA","2013",6299,"Venus antiqua","Chilean clam","almeja_otras","Clams"
"CALAMAR","2013",15,"Loligo gahi","Patagonian squid","moluscos_otros","Mollusks"
"CARACOL LOCATE","2013",305,"Thais chocolata","Snail locate","caracoles_otros","Gastropods"
"CARACOL PALO PALO","2013",263,"Argobuccinum spp.","Sanil palo palo","caracoles_otros","Gastropods"
"CARACOL PICUYO","2013",9,"Odontocymbiola magellanica","Snail picuyo","caracoles_otros","Gastropods"
"CARACOL PIQUILHUE","2013",1,"Adelomelon ancilla","Snail Piquilhue","caracoles_otros","Gastropods"
"CARACOL RUBIO","2013",6,"Xantochorus cassidiformis","Snail Rubio","caracoles_otros","Gastropods"
"CARACOL TEGULA","2013",55,"Tegula atra","Snail tegula","caracoles_otros","Gastropods"
"CARACOL TROPHON","2013",NA,"Trophon geversianus","Gevers's trophon","caracoles_otros","Gastropods"
"CARACOL TRUMULCO","2013",134,"Chorus giganteus","Snail trumulco","caracoles_otros","Gastropods"
"CHITON O APRETADOR","2013",NA,"Chiton spp","Chitons","moluscos_otros","mollusks"
"CHOCHA","2013",3,"Trochita trochiformes","Snail trochita","moluscos_otros","Mollusks"
"CHOLGA","2013",9030,"Aulacomya ater","Chilean ribbed mussel","moluscos_otros","Mollusks"
"CHORITO","2013",254506,"Mytilus chilensis","Chilean mussel","mejillon","Mussels"
"CHORO","2013",1275,"Choromytilus chorus","Chorus Mussel","mejillon","Mussels"
"CULENGUE","2013",1448,"Gari solida","Pacific clam","almeja_otras","Clams"
"HUEPO O NAVAJA DE MAR","2013",2343,"Ensis macha","Razor clam","navaja","Razor clam"
"JIBIA","2013",106271,"Dosidicus gigas","Jumbo flying squid","jibia","Squid"
"JULIANA O TAWERA","2013",4908,"Tawera gayi","Tawera","almeja_gayi","Tawera"
"LAPA","2013",NA,"Fissurella spp.","Keyhole limpet","moluscos_otros","Mollusks"
"LAPA NEGRA","2013",985,"Fissurella latimarginata","Black keyhole limpet","moluscos_otros","Mollusks"
"LAPA REINA","2013",4,"Fissurella maxima","Giant keyhole limpet","moluscos_otros","Mollusks"
"LAPA ROSADA","2013",33,"Fissurella cumingi","Rosy keyhole limpet","moluscos_otros","Mollusks"
"LOCO","2013",2067,"Concholepas concholepas","Chilean abalone","loco","Loco"
"MACHA","2013",2741,"Mesodesma donacium","Macha clam","macha","Macha"
"NAVAJUELA","2013",5577,"Tagelus dombeii","Navajuela","navajuela","Navajuela"
"OSTION DEL NORTE","2013",5001,"Argopecten purpuratus","Peruvian calico scallop","ostion","Scallop"
"OSTION DEL SUR","2013",847,"Chlamys vitrea","Sea scalop","moluscos_otros","Mollusks"
"OSTION PATAGONICO","2013",NA,"Chlamys patagonica","Patagonian scallop","ostion","Scallop"
"OSTRA CHILENA","2013",206,"Ostrea chilensis","Chilean flat oyster","ostra","Oyster"
"OSTRA DEL PACIFICO","2013",44,"Crassostrea gigas","Pacifuc Oyster","ostra","Oyster"
"PULPO","2013",1796,"Octopus (vulgaris) mimus","Changos octopus","pulpo","Octopus"
"TAQUILLA","2013",935,"Mulinia edulis","Taquilla","almeja_otras","Clams"
"TUMBAO","2013",595,"Semele solida","Tumbao","almeja_otras","Clams"
"OTROS MOLUSCOS","2013",9,"Mollusca","Mollusks","moluscos_otros","mollusks"
"ABALON JAPONES","2014",16,"Haliotis discus hannai","Japanese abalone","abalon japones","Abalone"
"ABALON ROJO","2014",1130,"Haliotis rufescens","Red Abalone","abalon_otras","Abalone"
"ALMEJA","2014",9105,"Venus antiqua","Chilean clam","almeja_otras","Clams"
"CALAMAR","2014",18,"Loligo gahi","Patagonian squid","moluscos_otros","Mollusks"
"CARACOL LOCATE","2014",682,"Thais chocolata","Snail locate","caracoles_otros","Gastropods"
"CARACOL PALO PALO","2014",258,"Argobuccinum spp.","Sanil palo palo","caracoles_otros","Gastropods"
"CARACOL PICUYO","2014",5,"Odontocymbiola magellanica","Snail picuyo","caracoles_otros","Gastropods"
"CARACOL PIQUILHUE","2014",NA,"Adelomelon ancilla","Snail Piquilhue","caracoles_otros","Gastropods"
"CARACOL RUBIO","2014",1,"Xantochorus cassidiformis","Snail Rubio","caracoles_otros","Gastropods"
"CARACOL TEGULA","2014",78,"Tegula atra","Snail tegula","caracoles_otros","Gastropods"
"CARACOL TROPHON","2014",NA,"Trophon geversianus","Gevers's trophon","caracoles_otros","Gastropods"
"CARACOL TRUMULCO","2014",119,"Chorus giganteus","Snail trumulco","caracoles_otros","Gastropods"
"CHITON O APRETADOR","2014",NA,"Chiton spp","Chitons","moluscos_otros","mollusks"
"CHOCHA","2014",5,"Trochita trochiformes","Snail trochita","moluscos_otros","Mollusks"
"CHOLGA","2014",4519,"Aulacomya ater","Chilean ribbed mussel","moluscos_otros","Mollusks"
"CHORITO","2014",238827,"Mytilus chilensis","Chilean mussel","mejillon","Mussels"
"CHORO","2014",2089,"Choromytilus chorus","Chorus Mussel","mejillon","Mussels"
"CULENGUE","2014",1439,"Gari solida","Pacific clam","almeja_otras","Clams"
"HUEPO O NAVAJA DE MAR","2014",2960,"Ensis macha","Razor clam","navaja","Razor clam"
"JIBIA","2014",176602,"Dosidicus gigas","Jumbo flying squid","jibia","Squid"
"JULIANA O TAWERA","2014",5087,"Tawera gayi","Tawera","almeja_gayi","Tawera"
"LAPA","2014",7,"Fissurella spp.","Keyhole limpet","moluscos_otros","Mollusks"
"LAPA NEGRA","2014",887,"Fissurella latimarginata","Black keyhole limpet","moluscos_otros","Mollusks"
"LAPA REINA","2014",226,"Fissurella maxima","Giant keyhole limpet","moluscos_otros","Mollusks"
"LAPA ROSADA","2014",32,"Fissurella cumingi","Rosy keyhole limpet","moluscos_otros","Mollusks"
"LOCO","2014",2250,"Concholepas concholepas","Chilean abalone","loco","Loco"
"MACHA","2014",832,"Mesodesma donacium","Macha clam","macha","Macha"
"NAVAJUELA","2014",4317,"Tagelus dombeii","Navajuela","navajuela","Navajuela"
"OSTION DEL NORTE","2014",4146,"Argopecten purpuratus","Peruvian calico scallop","ostion","Scallop"
"OSTION DEL SUR","2014",771,"Chlamys vitrea","Sea scalop","moluscos_otros","Mollusks"
"OSTION PATAGONICO","2014",NA,"Chlamys patagonica","Patagonian scallop","ostion","Scallop"
"OSTRA CHILENA","2014",244,"Ostrea chilensis","Chilean flat oyster","ostra","Oyster"
"OSTRA DEL PACIFICO","2014",83,"Crassostrea gigas","Pacifuc Oyster","ostra","Oyster"
"PULPO","2014",2283,"Octopus (vulgaris) mimus","Changos octopus","pulpo","Octopus"
"TAQUILLA","2014",1743,"Mulinia edulis","Taquilla","almeja_otras","Clams"
"TUMBAO","2014",535,"Semele solida","Tumbao","almeja_otras","Clams"
"OTROS MOLUSCOS","2014",13,"Mollusca","Mollusks","moluscos_otros","mollusks"
"ABALON JAPONES","2015",13,"Haliotis discus hannai","Japanese abalone","abalon japones","Abalone"
"ABALON ROJO","2015",1032,"Haliotis rufescens","Red Abalone","abalon_otras","Abalone"
"ALMEJA","2015",12970,"Venus antiqua","Chilean clam","almeja_otras","Clams"
"CALAMAR","2015",16,"Loligo gahi","Patagonian squid","moluscos_otros","Mollusks"
"CARACOL LOCATE","2015",628,"Thais chocolata","Snail locate","caracoles_otros","Gastropods"
"CARACOL PALO PALO","2015",61,"Argobuccinum spp.","Sanil palo palo","caracoles_otros","Gastropods"
"CARACOL PICUYO","2015",11,"Odontocymbiola magellanica","Snail picuyo","caracoles_otros","Gastropods"
"CARACOL PIQUILHUE","2015",NA,"Adelomelon ancilla","Snail Piquilhue","caracoles_otros","Gastropods"
"CARACOL RUBIO","2015",4,"Xantochorus cassidiformis","Snail Rubio","caracoles_otros","Gastropods"
"CARACOL TEGULA","2015",44,"Tegula atra","Snail tegula","caracoles_otros","Gastropods"
"CARACOL TROPHON","2015",NA,"Trophon geversianus","Gevers's trophon","caracoles_otros","Gastropods"
"CARACOL TRUMULCO","2015",110,"Chorus giganteus","Snail trumulco","caracoles_otros","Gastropods"
"CHITON O APRETADOR","2015",NA,"Chiton spp","Chitons","moluscos_otros","mollusks"
"CHOCHA","2015",3,"Trochita trochiformes","Snail trochita","moluscos_otros","Mollusks"
"CHOLGA","2015",7155,"Aulacomya ater","Chilean ribbed mussel","moluscos_otros","Mollusks"
"CHORITO","2015",290291,"Mytilus chilensis","Chilean mussel","mejillon","Mussels"
"CHORO","2015",2577,"Choromytilus chorus","Chorus Mussel","mejillon","Mussels"
"CULENGUE","2015",1486,"Gari solida","Pacific clam","almeja_otras","Clams"
"HUEPO O NAVAJA DE MAR","2015",3260,"Ensis macha","Razor clam","navaja","Razor clam"
"JIBIA","2015",143684,"Dosidicus gigas","Jumbo flying squid","jibia","Squid"
"JULIANA O TAWERA","2015",3774,"Tawera gayi","Tawera","almeja_gayi","Tawera"
"LAPA","2015",NA,"Fissurella spp.","Keyhole limpet","moluscos_otros","Mollusks"
"LAPA NEGRA","2015",605,"Fissurella latimarginata","Black keyhole limpet","moluscos_otros","Mollusks"
"LAPA REINA","2015",15,"Fissurella maxima","Giant keyhole limpet","moluscos_otros","Mollusks"
"LAPA ROSADA","2015",41,"Fissurella cumingi","Rosy keyhole limpet","moluscos_otros","Mollusks"
"LOCO","2015",2395,"Concholepas concholepas","Chilean abalone","loco","Loco"
"MACHA","2015",1255,"Mesodesma donacium","Macha clam","macha","Macha"
"NAVAJUELA","2015",5022,"Tagelus dombeii","Navajuela","navajuela","Navajuela"
"OSTION DEL NORTE","2015",2947,"Argopecten purpuratus","Peruvian calico scallop","ostion","Scallop"
"OSTION DEL SUR","2015",614,"Chlamys vitrea","Sea scalop","moluscos_otros","Mollusks"
"OSTION PATAGONICO","2015",NA,"Chlamys patagonica","Patagonian scallop","ostion","Scallop"
"OSTRA CHILENA","2015",248,"Ostrea chilensis","Chilean flat oyster","ostra","Oyster"
"OSTRA DEL PACIFICO","2015",34,"Crassostrea gigas","Pacifuc Oyster","ostra","Oyster"
"PULPO","2015",1849,"Octopus (vulgaris) mimus","Changos octopus","pulpo","Octopus"
"TAQUILLA","2015",1154,"Mulinia edulis","Taquilla","almeja_otras","Clams"
"TUMBAO","2015",661,"Semele solida","Tumbao","almeja_otras","Clams"
"OTROS MOLUSCOS","2015",11,"Mollusca","Mollusks","moluscos_otros","mollusks"
"ABALON JAPONES","2016",2,"Haliotis discus hannai","Japanese abalone","abalon japones","Abalone"
"ABALON ROJO","2016",1274,"Haliotis rufescens","Red Abalone","abalon_otras","Abalone"
"ALMEJA","2016",13845,"Venus antiqua","Chilean clam","almeja_otras","Clams"
"CALAMAR","2016",5,"Loligo gahi","Patagonian squid","moluscos_otros","Mollusks"
"CARACOL LOCATE","2016",347,"Thais chocolata","Snail locate","caracoles_otros","Gastropods"
"CARACOL PALO PALO","2016",138,"Argobuccinum spp.","Sanil palo palo","caracoles_otros","Gastropods"
"CARACOL PICUYO","2016",7,"Odontocymbiola magellanica","Snail picuyo","caracoles_otros","Gastropods"
"CARACOL PIQUILHUE","2016",NA,"Adelomelon ancilla","Snail Piquilhue","caracoles_otros","Gastropods"
"CARACOL RUBIO","2016",NA,"Xantochorus cassidiformis","Snail Rubio","caracoles_otros","Gastropods"
"CARACOL TEGULA","2016",60,"Tegula atra","Snail tegula","caracoles_otros","Gastropods"
"CARACOL TROPHON","2016",1,"Trophon geversianus","Gevers's trophon","caracoles_otros","Gastropods"
"CARACOL TRUMULCO","2016",245,"Chorus giganteus","Snail trumulco","caracoles_otros","Gastropods"
"CHITON O APRETADOR","2016",NA,"Chiton spp","Chitons","moluscos_otros","mollusks"
"CHOCHA","2016",8,"Trochita trochiformes","Snail trochita","moluscos_otros","Mollusks"
"CHOLGA","2016",8491,"Aulacomya ater","Chilean ribbed mussel","moluscos_otros","Mollusks"
"CHORITO","2016",302777,"Mytilus chilensis","Chilean mussel","mejillon","Mussels"
"CHORO","2016",2339,"Choromytilus chorus","Chorus Mussel","mejillon","Mussels"
"CULENGUE","2016",1271,"Gari solida","Pacific clam","almeja_otras","Clams"
"HUEPO O NAVAJA DE MAR","2016",2421,"Ensis macha","Razor clam","navaja","Razor clam"
"JIBIA","2016",180914,"Dosidicus gigas","Jumbo flying squid","jibia","Squid"
"JULIANA O TAWERA","2016",3070,"Tawera gayi","Tawera","almeja_gayi","Tawera"
"LAPA","2016",NA,"Fissurella spp.","Keyhole limpet","moluscos_otros","Mollusks"
"LAPA NEGRA","2016",686,"Fissurella latimarginata","Black keyhole limpet","moluscos_otros","Mollusks"
"LAPA REINA","2016",28,"Fissurella maxima","Giant keyhole limpet","moluscos_otros","Mollusks"
"LAPA ROSADA","2016",15,"Fissurella cumingi","Rosy keyhole limpet","moluscos_otros","Mollusks"
"LOCO","2016",2361,"Concholepas concholepas","Chilean abalone","loco","Loco"
"MACHA","2016",1003,"Mesodesma donacium","Macha clam","macha","Macha"
"NAVAJUELA","2016",4995,"Tagelus dombeii","Navajuela","navajuela","Navajuela"
"OSTION DEL NORTE","2016",3547,"Argopecten purpuratus","Peruvian calico scallop","ostion","Scallop"
"OSTION DEL SUR","2016",1020,"Chlamys vitrea","Sea scalop","moluscos_otros","Mollusks"
"OSTION PATAGONICO","2016",NA,"Chlamys patagonica","Patagonian scallop","ostion","Scallop"
"OSTRA CHILENA","2016",336,"Ostrea chilensis","Chilean flat oyster","ostra","Oyster"
"OSTRA DEL PACIFICO","2016",43,"Crassostrea gigas","Pacifuc Oyster","ostra","Oyster"
"PULPO","2016",3215,"Octopus (vulgaris) mimus","Changos octopus","pulpo","Octopus"
"TAQUILLA","2016",1234,"Mulinia edulis","Taquilla","almeja_otras","Clams"
"TUMBAO","2016",348,"Semele solida","Tumbao","almeja_otras","Clams"
"OTROS MOLUSCOS","2016",343,"Mollusca","Mollusks","moluscos_otros","mollusks"
"ABALON JAPONES","2017",16,"Haliotis discus hannai","Japanese abalone","abalon japones","Abalone"
"ABALON ROJO","2017",1015,"Haliotis rufescens","Red Abalone","abalon_otras","Abalone"
"ALMEJA","2017",15672,"Venus antiqua","Chilean clam","almeja_otras","Clams"
"CALAMAR","2017",9,"Loligo gahi","Patagonian squid","moluscos_otros","Mollusks"
"CARACOL LOCATE","2017",412,"Thais chocolata","Snail locate","caracoles_otros","Gastropods"
"CARACOL PALO PALO","2017",162,"Argobuccinum spp.","Sanil palo palo","caracoles_otros","Gastropods"
"CARACOL PICUYO","2017",5,"Odontocymbiola magellanica","Snail picuyo","caracoles_otros","Gastropods"
"CARACOL PIQUILHUE","2017",NA,"Adelomelon ancilla","Snail Piquilhue","caracoles_otros","Gastropods"
"CARACOL RUBIO","2017",2,"Xantochorus cassidiformis","Snail Rubio","caracoles_otros","Gastropods"
"CARACOL TEGULA","2017",32,"Tegula atra","Snail tegula","caracoles_otros","Gastropods"
"CARACOL TROPHON","2017",NA,"Trophon geversianus","Gevers's trophon","caracoles_otros","Gastropods"
"CARACOL TRUMULCO","2017",173,"Chorus giganteus","Snail trumulco","caracoles_otros","Gastropods"
"CHITON O APRETADOR","2017",NA,"Chiton spp","Chitons","moluscos_otros","mollusks"
"CHOCHA","2017",7,"Trochita trochiformes","Snail trochita","moluscos_otros","Mollusks"
"CHOLGA","2017",8526,"Aulacomya ater","Chilean ribbed mussel","moluscos_otros","Mollusks"
"CHORITO","2017",341044,"Mytilus chilensis","Chilean mussel","mejillon","Mussels"
"CHORO","2017",3452,"Choromytilus chorus","Chorus Mussel","mejillon","Mussels"
"CULENGUE","2017",1585,"Gari solida","Pacific clam","almeja_otras","Clams"
"HUEPO O NAVAJA DE MAR","2017",2040,"Ensis macha","Razor clam","navaja","Razor clam"
"JIBIA","2017",152537,"Dosidicus gigas","Jumbo flying squid","jibia","Squid"
"JULIANA O TAWERA","2017",4186,"Tawera gayi","Tawera","almeja_gayi","Tawera"
"LAPA","2017",NA,"Fissurella spp.","Keyhole limpet","moluscos_otros","Mollusks"
"LAPA NEGRA","2017",585,"Fissurella latimarginata","Black keyhole limpet","moluscos_otros","Mollusks"
"LAPA REINA","2017",25,"Fissurella maxima","Giant keyhole limpet","moluscos_otros","Mollusks"
"LAPA ROSADA","2017",7,"Fissurella cumingi","Rosy keyhole limpet","moluscos_otros","Mollusks"
"LOCO","2017",2698,"Concholepas concholepas","Chilean abalone","loco","Loco"
"MACHA","2017",2569,"Mesodesma donacium","Macha clam","macha","Macha"
"NAVAJUELA","2017",5983,"Tagelus dombeii","Navajuela","navajuela","Navajuela"
"OSTION DEL NORTE","2017",4705,"Argopecten purpuratus","Peruvian calico scallop","ostion","Scallop"
"OSTION DEL SUR","2017",996,"Chlamys vitrea","Sea scalop","moluscos_otros","Mollusks"
"OSTION PATAGONICO","2017",NA,"Chlamys patagonica","Patagonian scallop","ostion","Scallop"
"OSTRA CHILENA","2017",551,"Ostrea chilensis","Chilean flat oyster","ostra","Oyster"
"OSTRA DEL PACIFICO","2017",46,"Crassostrea gigas","Pacifuc Oyster","ostra","Oyster"
"PULPO","2017",3602,"Octopus (vulgaris) mimus","Changos octopus","pulpo","Octopus"
"TAQUILLA","2017",1587,"Mulinia edulis","Taquilla","almeja_otras","Clams"
"TUMBAO","2017",492,"Semele solida","Tumbao","almeja_otras","Clams"
"OTROS MOLUSCOS","2017",1186,"Mollusca","Mollusks","moluscos_otros","mollusks"
"ERIZO","2013",30446,"Loxechinus albus","Chilean sea urchin","erizo","Sea urchin"
"MEDUSA","2013",NA,"Chrysaora Plocamia","South American sea nettle","meduza","Jellyfish"
"PEPINO DE MAR","2013",9,"Athyonidium chilensis","Sea cucumber","invertebrados_otros","Invertebrates"
"PIURE","2013",1121,"Pyura chilensis","Chilean tunicate","piure","Piure"
"ERIZO","2014",32343,"Loxechinus albus","Chilean sea urchin","erizo","Sea urchin"
"MEDUSA","2014",NA,"Chrysaora Plocamia","South American sea nettle","meduza","Jellyfish"
"PEPINO DE MAR","2014",60,"Athyonidium chilensis","Sea cucumber","invertebrados_otros","Invertebrates"
"PIURE","2014",1895,"Pyura chilensis","Chilean tunicate","piure","Piure"
"ERIZO","2015",31085,"Loxechinus albus","Chilean sea urchin","erizo","Sea urchin"
"MEDUSA","2015",NA,"Chrysaora Plocamia","South American sea nettle","meduza","Jellyfish"
"PEPINO DE MAR","2015",200,"Athyonidium chilensis","Sea cucumber","invertebrados_otros","Invertebrates"
"PIURE","2015",2274,"Pyura chilensis","Chilean tunicate","piure","Piure"
"ERIZO","2016",29086,"Loxechinus albus","Chilean sea urchin","erizo","Sea urchin"
"MEDUSA","2016",1048,"Chrysaora Plocamia","South American sea nettle","meduza","Jellyfish"
"PEPINO DE MAR","2016",205,"Athyonidium chilensis","Sea cucumber","invertebrados_otros","Invertebrates"
"PIURE","2016",2120,"Pyura chilensis","Chilean tunicate","piure","Piure"
"ERIZO","2017",30107,"Loxechinus albus","Chilean sea urchin","erizo","Sea urchin"
"MEDUSA","2017",924,"Chrysaora Plocamia","South American sea nettle","meduza","Jellyfish"
"PEPINO DE MAR","2017",436,"Athyonidium chilensis","Sea cucumber","invertebrados_otros","Invertebrates"
"PIURE","2017",2285,"Pyura chilensis","Chilean tunicate","piure","Piure"
"CAROLA","2013",NA,"Callophyllis variegata","Carola","alga","Algae"
"CHASCA","2013",243,"Gelidium rex","Red algae","alga","Algae"
"CHASCON O HUIRO NEGRO","2013",313341,"Lessonia nigrescens","Giant grey kelp","alga","Algae"
"CHICOREA DE MAR","2013",2475,"Chondracanthus chamissoi","Red algae chicorea","alga","Algae"
"COCHAYUYO","2013",8304,"Durvillaea antarctica","New Zealand bull","alga","Algae"
"HAEMATOCOCCUS","2013",41,"Haematococcus pluvialis","Haematococcus","alga","Algae"
"HUIRO","2013",30556,"Macrocystis spp.","Giant kelp","alga","Algae"
"HUIRO PALO","2013",38724,"Lessonia trabeculata","Giant brown kelp","alga","Algae"
"LIQUEN GOMOSO","2013",52,"Gymnogongrus furcellatus","Liquen Gomoso","alga","Algae"
"LUCHE","2013",90,"Porphyra columbina","Luche","alga","Algae"
"LUGA CUCHARA O CORTA","2013",3181,"Mazzaella laminarioides","Luga","alga","Algae"
"LUGA NEGRA O CRESPA","2013",34157,"Sarcothalia crispata","Black algae luga","alga","Algae"
"LUGA-LUGA","2013",NA,"Mazzaella membranacea","Luga","alga","Algae"
"LUGA-ROJA","2013",40760,"Gigartina skottsbergii","Red luga","alga","Algae"
"PELILLO","2013",58513,"Gracilaria spp.","Red algae gracilaria","alga","Algae"
"SPIRULINA","2013",12,"Spirulina spp.","Spirulina","alga","Algae"
"OTRAS ALGAS","2013",1,"Algaes","Algaes","alga","Algae"
"CAROLA","2014",NA,"Callophyllis variegata","Carola","alga","Algae"
"CHASCA","2014",576,"Gelidium rex","Red algae","alga","Algae"
"CHASCON O HUIRO NEGRO","2014",219998,"Lessonia nigrescens","Giant grey kelp","alga","Algae"
"CHICOREA DE MAR","2014",2715,"Chondracanthus chamissoi","Red algae chicorea","alga","Algae"
"COCHAYUYO","2014",8508,"Durvillaea antarctica","New Zealand bull","alga","Algae"
"HAEMATOCOCCUS","2014",26,"Haematococcus pluvialis","Haematococcus","alga","Algae"
"HUIRO","2014",25626,"Macrocystis spp.","Giant kelp","alga","Algae"
"HUIRO PALO","2014",60531,"Lessonia trabeculata","Giant brown kelp","alga","Algae"
"LIQUEN GOMOSO","2014",407,"Gymnogongrus furcellatus","Liquen Gomoso","alga","Algae"
"LUCHE","2014",132,"Porphyra columbina","Luche","alga","Algae"
"LUGA CUCHARA O CORTA","2014",4607,"Mazzaella laminarioides","Luga","alga","Algae"
"LUGA NEGRA O CRESPA","2014",34693,"Sarcothalia crispata","Black algae luga","alga","Algae"
"LUGA-LUGA","2014",NA,"Mazzaella membranacea","Luga","alga","Algae"
"LUGA-ROJA","2014",27068,"Gigartina skottsbergii","Red luga","alga","Algae"
"PELILLO","2014",45144,"Gracilaria spp.","Red algae gracilaria","alga","Algae"
"SPIRULINA","2014",NA,"Spirulina spp.","Spirulina","alga","Algae"
"OTRAS ALGAS","2014",136,"Algaes","Algaes","alga","Algae"
"CAROLA","2015",NA,"Callophyllis variegata","Carola","alga","Algae"
"CHASCA","2015",270,"Gelidium rex","Red algae","alga","Algae"
"CHASCON O HUIRO NEGRO","2015",115311,"Lessonia nigrescens","Giant grey kelp","alga","Algae"
"CHICOREA DE MAR","2015",2199,"Chondracanthus chamissoi","Red algae chicorea","alga","Algae"
"COCHAYUYO","2015",9441,"Durvillaea antarctica","New Zealand bull","alga","Algae"
"HAEMATOCOCCUS","2015",NA,"Haematococcus pluvialis","Haematococcus","alga","Algae"
"HUIRO","2015",28558,"Macrocystis spp.","Giant kelp","alga","Algae"
"HUIRO PALO","2015",72071,"Lessonia trabeculata","Giant brown kelp","alga","Algae"
"LIQUEN GOMOSO","2015",902,"Gymnogongrus furcellatus","Liquen Gomoso","alga","Algae"
"LUCHE","2015",176,"Porphyra columbina","Luche","alga","Algae"
"LUGA CUCHARA O CORTA","2015",3013,"Mazzaella laminarioides","Luga","alga","Algae"
"LUGA NEGRA O CRESPA","2015",41077,"Sarcothalia crispata","Black algae luga","alga","Algae"
"LUGA-LUGA","2015",NA,"Mazzaella membranacea","Luga","alga","Algae"
"LUGA-ROJA","2015",27327,"Gigartina skottsbergii","Red luga","alga","Algae"
"PELILLO","2015",57879,"Gracilaria spp.","Red algae gracilaria","alga","Algae"
"SPIRULINA","2015",NA,"Spirulina spp.","Spirulina","alga","Algae"
"OTRAS ALGAS","2015",53,"Algaes","Algaes","alga","Algae"
"CAROLA","2016",NA,"Callophyllis variegata","Carola","alga","Algae"
"CHASCA","2016",194,"Gelidium rex","Red algae","alga","Algae"
"CHASCON O HUIRO NEGRO","2016",155740,"Lessonia nigrescens","Giant grey kelp","alga","Algae"
"CHICOREA DE MAR","2016",2125,"Chondracanthus chamissoi","Red algae chicorea","alga","Algae"
"COCHAYUYO","2016",8015,"Durvillaea antarctica","New Zealand bull","alga","Algae"
"HAEMATOCOCCUS","2016",13,"Haematococcus pluvialis","Haematococcus","alga","Algae"
"HUIRO","2016",31875,"Macrocystis spp.","Giant kelp","alga","Algae"
"HUIRO PALO","2016",49802,"Lessonia trabeculata","Giant brown kelp","alga","Algae"
"LIQUEN GOMOSO","2016",239,"Gymnogongrus furcellatus","Liquen Gomoso","alga","Algae"
"LUCHE","2016",105,"Porphyra columbina","Luche","alga","Algae"
"LUGA CUCHARA O CORTA","2016",2273,"Mazzaella laminarioides","Luga","alga","Algae"
"LUGA NEGRA O CRESPA","2016",30694,"Sarcothalia crispata","Black algae luga","alga","Algae"
"LUGA-LUGA","2016",NA,"Mazzaella membranacea","Luga","alga","Algae"
"LUGA-ROJA","2016",22199,"Gigartina skottsbergii","Red luga","alga","Algae"
"PELILLO","2016",41259,"Gracilaria spp.","Red algae gracilaria","alga","Algae"
"SPIRULINA","2016",4,"Spirulina spp.","Spirulina","alga","Algae"
"OTRAS ALGAS","2016",33,"Algaes","Algaes","alga","Algae"
"CAROLA","2017",2,"Callophyllis variegata","Carola","alga","Algae"
"CHASCA","2017",228,"Gelidium rex","Red algae","alga","Algae"
"CHASCON O HUIRO NEGRO","2017",203850,"Lessonia nigrescens","Giant grey kelp","alga","Algae"
"CHICOREA DE MAR","2017",1270,"Chondracanthus chamissoi","Red algae chicorea","alga","Algae"
"COCHAYUYO","2017",9194,"Durvillaea antarctica","New Zealand bull","alga","Algae"
"HAEMATOCOCCUS","2017",35,"Haematococcus pluvialis","Haematococcus","alga","Algae"
"HUIRO","2017",29870,"Macrocystis spp.","Giant kelp","alga","Algae"
"HUIRO PALO","2017",56918,"Lessonia trabeculata","Giant brown kelp","alga","Algae"
"LIQUEN GOMOSO","2017",610,"Gymnogongrus furcellatus","Liquen Gomoso","alga","Algae"
"LUCHE","2017",158,"Porphyra columbina","Luche","alga","Algae"
"LUGA CUCHARA O CORTA","2017",1427,"Mazzaella laminarioides","Luga","alga","Algae"
"LUGA NEGRA O CRESPA","2017",21260,"Sarcothalia crispata","Black algae luga","alga","Algae"
"LUGA-LUGA","2017",NA,"Mazzaella membranacea","Luga","alga","Algae"
"LUGA-ROJA","2017",20058,"Gigartina skottsbergii","Red luga","alga","Algae"
"PELILLO","2017",64089,"Gracilaria spp.","Red algae gracilaria","alga","Algae"
"SPIRULINA","2017",39,"Spirulina spp.","Spirulina","alga","Algae"
"OTRAS ALGAS","2017",122,"Algaes","Algaes","alga","Algae"
